{"stats":{"minecraft:used":{"minecraft:moss_block":1,"minecraft:iron_shovel":2131,"minecraft:spruce_slab":10,"minecraft:chest":13,"minecraft:shield":51,"minecraft:stone":1,"minecraft:iron_sword":252,"minecraft:tuff":11,"minecraft:obsidian":10,"minecraft:lava_bucket":1,"minecraft:golden_sword":31,"minecraft:sweet_berries":6,"minecraft:furnace":8,"minecraft:egg":1,"minecraft:diorite":2,"minecraft:stone_pickaxe":102,"minecraft:oak_planks":6,"minecraft:wooden_pickaxe":4,"minecraft:blue_bed":1,"minecraft:diamond_axe":202,"minecraft:clay":1248,"minecraft:sugar_cane":17,"minecraft:white_wool":1,"minecraft:golden_apple":1,"minecraft:glow_berries":7,"minecraft:blast_furnace":7,"minecraft:bread":23,"minecraft:lectern":23,"minecraft:gravel":1,"minecraft:fire_charge":1,"minecraft:grindstone":2,"minecraft:smithing_table":4,"minecraft:oak_boat":1,"minecraft:oak_trapdoor":2,"minecraft:tropical_fish":1,"minecraft:spruce_planks":4,"minecraft:netherrack":4,"minecraft:torch":16,"minecraft:dirt":48,"minecraft:granite":9,"minecraft:bookshelf":2,"minecraft:iron_axe":213,"minecraft:iron_boots":1,"minecraft:cooked_beef":61,"minecraft:cobbled_deepslate":69,"minecraft:iron_leggings":1,"minecraft:cooked_mutton":10,"minecraft:baked_potato":1,"minecraft:fletching_table":3,"minecraft:stonecutter":17,"minecraft:crafting_table":15,"minecraft:white_bed":4,"minecraft:spruce_log":11,"minecraft:black_wool":1,"minecraft:diamond_pickaxe":787,"minecraft:diamond_shovel":542,"minecraft:iron_pickaxe":228,"minecraft:spruce_trapdoor":9,"minecraft:spruce_sapling":20,"minecraft:stone_axe":117,"minecraft:cobblestone":86,"minecraft:cooked_porkchop":13,"minecraft:bucket":2,"minecraft:yellow_bed":4,"minecraft:gray_wool":1},"minecraft:dropped":{"minecraft:clay":128,"minecraft:moss_block":14,"minecraft:glow_ink_sac":2,"minecraft:crafting_table":1,"minecraft:glow_berries":2,"minecraft:rooted_dirt":33,"minecraft:rail":2,"minecraft:emerald":1,"minecraft:dirt":64,"minecraft:large_fern":1,"minecraft:cornflower":3,"minecraft:gold_nugget":14,"minecraft:iron_pickaxe":1,"minecraft:cauldron":2,"minecraft:armor_stand":2,"minecraft:bone":20,"minecraft:gravel":16,"minecraft:stone_axe":2,"minecraft:sugar_cane":7,"minecraft:iron_nugget":13,"minecraft:golden_chestplate":1,"minecraft:cobbled_deepslate":140,"minecraft:music_disc_otherside":1,"minecraft:rotten_flesh":68,"minecraft:oak_planks":7,"minecraft:fern":4,"minecraft:leather_boots":2,"minecraft:azalea":3,"minecraft:leather_leggings":1,"minecraft:arrow":24,"minecraft:stone_brick_stairs":1,"minecraft:stone_hoe":10,"minecraft:wheat_seeds":11,"minecraft:oak_fence":2,"minecraft:iron_helmet":1,"minecraft:cobblestone":108,"minecraft:granite":4,"minecraft:tropical_fish":1,"minecraft:chainmail_helmet":9,"minecraft:stick":5,"minecraft:oxeye_daisy":1,"minecraft:diorite":4,"minecraft:iron_leggings":1,"minecraft:oak_stairs":1,"minecraft:flowering_azalea":1,"minecraft:iron_axe":13,"minecraft:iron_shovel":1,"minecraft:string":7,"minecraft:music_disc_cat":1,"minecraft:spruce_sapling":3,"minecraft:dandelion":5,"minecraft:redstone":73,"minecraft:moss_carpet":7,"minecraft:sweet_berries":20,"minecraft:raw_copper":8,"minecraft:clay_ball":33,"minecraft:iron_boots":1,"minecraft:name_tag":2,"minecraft:pumpkin_seeds":12,"minecraft:big_dripleaf":19,"minecraft:iron_chestplate":11,"minecraft:andesite":31,"minecraft:golden_leggings":2,"minecraft:golden_sword":1,"minecraft:spider_eye":4,"minecraft:barrel":1,"minecraft:bow":3,"minecraft:stone_pickaxe":2,"minecraft:raw_gold":1},"minecraft:custom":{"minecraft:interact_with_crafting_table":74,"minecraft:bell_ring":6,"minecraft:leave_game":9,"minecraft:time_since_death":414843,"minecraft:sprint_one_cm":1418139,"minecraft:damage_blocked_by_shield":3830,"minecraft:drop":216,"minecraft:talked_to_villager":217,"minecraft:play_time":414843,"minecraft:jump":8845,"minecraft:walk_on_water_one_cm":25066,"minecraft:interact_with_furnace":88,"minecraft:traded_with_villager":645,"minecraft:sleep_in_bed":8,"minecraft:damage_dealt":22772,"minecraft:crouch_one_cm":31220,"minecraft:mob_kills":166,"minecraft:interact_with_campfire":53,"minecraft:climb_one_cm":3618,"minecraft:walk_one_cm":984781,"minecraft:sneak_time":9208,"minecraft:walk_under_water_one_cm":17026,"minecraft:boat_one_cm":61255,"minecraft:interact_with_blast_furnace":4,"minecraft:total_world_time":414843,"minecraft:interact_with_stonecutter":1,"minecraft:time_since_rest":41467,"minecraft:damage_taken":6092,"minecraft:damage_absorbed":3,"minecraft:swim_one_cm":25508,"minecraft:fly_one_cm":1650137,"minecraft:open_chest":157,"minecraft:fall_one_cm":256756},"minecraft:killed":{"minecraft:spider":10,"minecraft:skeleton":27,"minecraft:pig":6,"minecraft:zombie_villager":1,"minecraft:creeper":1,"minecraft:sheep":6,"minecraft:zombie":57,"minecraft:cow":35,"minecraft:slime":18},"minecraft:crafted":{"minecraft:grindstone":1,"minecraft:oak_planks":136,"minecraft:chainmail_helmet":9,"minecraft:stone":19,"minecraft:diamond_shovel":1,"minecraft:bookshelf":5,"minecraft:diamond_helmet":1,"minecraft:diamond_leggings":1,"minecraft:iron_boots":1,"minecraft:stone_hoe":10,"minecraft:emerald":596,"minecraft:diamond_axe":1,"minecraft:crafting_table":6,"minecraft:spruce_planks":520,"minecraft:wooden_pickaxe":1,"minecraft:smithing_table":1,"minecraft:spruce_trapdoor":6,"minecraft:lectern":2,"minecraft:book":4,"minecraft:iron_chestplate":10,"minecraft:paper":12,"minecraft:diamond_pickaxe":2,"minecraft:shield":2,"minecraft:stick":1032,"minecraft:stone_slab":6,"minecraft:iron_ingot":221,"minecraft:iron_pickaxe":1,"minecraft:furnace":3,"minecraft:oak_trapdoor":2,"minecraft:iron_axe":12,"minecraft:spruce_slab":12,"minecraft:stone_pickaxe":1,"minecraft:diamond_boots":1,"minecraft:cooked_beef":3,"minecraft:iron_sword":1,"minecraft:bucket":2,"minecraft:stone_axe":2,"minecraft:enchanted_book":4,"minecraft:air":0,"minecraft:oak_boat":1,"minecraft:iron_shovel":9,"minecraft:iron_leggings":1,"minecraft:stonecutter":4,"minecraft:torch":4,"minecraft:clay":1248,"minecraft:diamond_chestplate":1},"minecraft:mined":{"minecraft:spruce_planks":4,"minecraft:white_bed":4,"minecraft:obsidian":10,"minecraft:spruce_trapdoor":4,"minecraft:cave_vines_plant":1,"minecraft:granite":8,"minecraft:grass_block":93,"minecraft:composter":1,"minecraft:oxeye_daisy":1,"minecraft:spawner":3,"minecraft:tall_seagrass":1,"minecraft:iron_ore":221,"minecraft:barrel":2,"minecraft:fletching_table":3,"minecraft:deepslate_lapis_ore":19,"minecraft:pointed_dripstone":2,"minecraft:cave_vines":5,"minecraft:water_cauldron":6,"minecraft:dirt_path":6,"minecraft:oak_stairs":1,"minecraft:azalea":3,"minecraft:spruce_slab":5,"minecraft:deepslate_redstone_ore":27,"minecraft:smoker":1,"minecraft:clay":2511,"minecraft:blast_furnace":7,"minecraft:chest":13,"minecraft:cobblestone":3,"minecraft:grindstone":1,"minecraft:sugar_cane":26,"minecraft:oak_planks":8,"minecraft:wall_torch":5,"minecraft:stone_brick_stairs":1,"minecraft:oak_log":34,"minecraft:dirt":66,"minecraft:stonecutter":13,"minecraft:netherrack":4,"minecraft:oak_leaves":11,"minecraft:deepslate":118,"minecraft:tuff":13,"minecraft:deepslate_diamond_ore":20,"minecraft:spruce_leaves":16,"minecraft:moss_block":19,"minecraft:rooted_dirt":35,"minecraft:redstone_ore":4,"minecraft:furnace":5,"minecraft:andesite":33,"minecraft:gold_block":1,"minecraft:bookshelf":6,"minecraft:deepslate_iron_ore":125,"minecraft:stone":314,"minecraft:smithing_table":3,"minecraft:podzol":2,"minecraft:dandelion":7,"minecraft:crafting_table":11,"minecraft:cornflower":2,"minecraft:short_grass":109,"minecraft:emerald_ore":2,"minecraft:lectern":21,"minecraft:tall_grass":28,"minecraft:copper_ore":2,"minecraft:deepslate_coal_ore":6,"minecraft:lapis_ore":5,"minecraft:deepslate_gold_ore":44,"minecraft:diorite":6,"minecraft:blue_bed":1,"minecraft:sweet_berry_bush":1,"minecraft:spruce_log":237,"minecraft:yellow_bed":4,"minecraft:black_wool":1,"minecraft:coal_ore":60,"minecraft:gravel":8,"minecraft:small_dripleaf":1,"minecraft:gold_ore":11},"minecraft:picked_up":{"minecraft:iron_chestplate":1,"minecraft:smithing_table":3,"minecraft:oak_stairs":1,"minecraft:stone_brick_stairs":2,"minecraft:music_disc_cat":1,"minecraft:string":8,"minecraft:raw_copper":8,"minecraft:armor_stand":2,"minecraft:gold_nugget":14,"minecraft:cobbled_deepslate":252,"minecraft:bucket":1,"minecraft:spruce_planks":4,"minecraft:azalea":3,"minecraft:furnace":5,"minecraft:stick":10,"minecraft:composter":1,"minecraft:big_dripleaf":21,"minecraft:oak_fence":2,"minecraft:torch":5,"minecraft:porkchop":13,"minecraft:pointed_dripstone":14,"minecraft:diorite":6,"minecraft:golden_chestplate":1,"minecraft:cauldron":10,"minecraft:rotten_flesh":68,"minecraft:tropical_fish":2,"minecraft:obsidian":10,"minecraft:cobblestone":424,"minecraft:cooked_beef":58,"minecraft:andesite":31,"minecraft:golden_leggings":2,"minecraft:smoker":1,"minecraft:potato":34,"minecraft:tuff":11,"minecraft:lapis_lazuli":214,"minecraft:dirt":146,"minecraft:name_tag":2,"minecraft:bone":23,"minecraft:leather_boots":2,"minecraft:stonecutter":13,"minecraft:bow":3,"minecraft:wheat_seeds":11,"minecraft:raw_gold":78,"minecraft:grindstone":1,"minecraft:fletching_table":3,"minecraft:moss_block":16,"minecraft:oak_planks":11,"minecraft:cooked_porkchop":13,"minecraft:barrel":2,"minecraft:clay":128,"minecraft:diamond":20,"minecraft:granite":13,"minecraft:bread":30,"minecraft:emerald":4,"minecraft:rooted_dirt":33,"minecraft:netherrack":4,"minecraft:crafting_table":11,"minecraft:clay_ball":10001,"minecraft:leather_leggings":1,"minecraft:gold_block":1,"minecraft:cornflower":3,"minecraft:large_fern":1,"minecraft:moss_carpet":9,"minecraft:iron_axe":2,"minecraft:iron_shovel":1,"minecraft:music_disc_otherside":1,"minecraft:beef":51,"minecraft:oak_boat":1,"minecraft:iron_nugget":13,"minecraft:spruce_slab":7,"minecraft:lectern":21,"minecraft:sugar_cane":38,"minecraft:chest":13,"minecraft:spruce_trapdoor":4,"minecraft:egg":1,"minecraft:raw_iron":396,"minecraft:fire_charge":1,"minecraft:redstone":136,"minecraft:arrow":25,"minecraft:saddle":2,"minecraft:mutton":9,"minecraft:glow_berries":9,"minecraft:rail":2,"minecraft:white_wool":4,"minecraft:oxeye_daisy":1,"minecraft:glow_ink_sac":2,"minecraft:leather":46,"minecraft:fern":4,"minecraft:oak_log":34,"minecraft:yellow_bed":4,"minecraft:gunpowder":2,"minecraft:blue_bed":1,"minecraft:cooked_mutton":10,"minecraft:apple":7,"minecraft:iron_ingot":6,"minecraft:stone_pickaxe":1,"minecraft:flowering_azalea":1,"minecraft:book":18,"minecraft:sweet_berries":26,"minecraft:dandelion":7,"minecraft:gravel":17,"minecraft:spruce_sapling":29,"minecraft:blast_furnace":7,"minecraft:white_bed":4,"minecraft:spruce_log":245,"minecraft:spider_eye":4,"minecraft:pumpkin_seeds":8,"minecraft:slime_ball":30,"minecraft:stone_axe":1,"minecraft:iron_helmet":1,"minecraft:gray_wool":1,"minecraft:baked_potato":1,"minecraft:black_wool":2,"minecraft:coal":83},"minecraft:broken":{"minecraft:iron_shovel":8,"minecraft:stone_axe":1,"minecraft:iron_sword":1,"minecraft:shield":1}},"DataVersion":3839}