{"stats":{"minecraft:dropped":{"minecraft:clay":128,"minecraft:moss_block":10,"minecraft:wheat_seeds":10,"minecraft:glow_ink_sac":2,"minecraft:crafting_table":1,"minecraft:glow_berries":2,"minecraft:oak_fence":2,"minecraft:cobblestone":2,"minecraft:iron_helmet":1,"minecraft:rooted_dirt":33,"minecraft:granite":4,"minecraft:tropical_fish":1,"minecraft:chainmail_helmet":9,"minecraft:stick":5,"minecraft:emerald":1,"minecraft:dirt":57,"minecraft:diorite":3,"minecraft:large_fern":1,"minecraft:cornflower":3,"minecraft:iron_leggings":1,"minecraft:gold_nugget":14,"minecraft:flowering_azalea":1,"minecraft:iron_axe":1,"minecraft:iron_pickaxe":1,"minecraft:iron_shovel":1,"minecraft:string":6,"minecraft:bone":18,"minecraft:dandelion":3,"minecraft:armor_stand":2,"minecraft:cauldron":2,"minecraft:redstone":73,"minecraft:gravel":16,"minecraft:stone_axe":2,"minecraft:moss_carpet":6,"minecraft:sweet_berries":20,"minecraft:sugar_cane":7,"minecraft:iron_nugget":13,"minecraft:cobbled_deepslate":62,"minecraft:raw_copper":8,"minecraft:oak_planks":7,"minecraft:clay_ball":33,"minecraft:rotten_flesh":63,"minecraft:iron_boots":1,"minecraft:fern":4,"minecraft:name_tag":2,"minecraft:pumpkin_seeds":12,"minecraft:big_dripleaf":19,"minecraft:iron_chestplate":11,"minecraft:andesite":31,"minecraft:golden_leggings":2,"minecraft:azalea":3,"minecraft:leather_boots":2,"minecraft:golden_sword":1,"minecraft:leather_leggings":1,"minecraft:spider_eye":3,"minecraft:barrel":1,"minecraft:bow":2,"minecraft:arrow":19,"minecraft:stone_pickaxe":2,"minecraft:raw_gold":1,"minecraft:stone_brick_stairs":1},"minecraft:picked_up":{"minecraft:crafting_table":11,"minecraft:iron_chestplate":1,"minecraft:clay_ball":7537,"minecraft:leather_leggings":1,"minecraft:gold_block":1,"minecraft:stone_brick_stairs":1,"minecraft:cornflower":3,"minecraft:raw_copper":8,"minecraft:string":6,"minecraft:moss_carpet":6,"minecraft:iron_axe":1,"minecraft:large_fern":1,"minecraft:armor_stand":2,"minecraft:iron_shovel":1,"minecraft:gold_nugget":14,"minecraft:cobbled_deepslate":160,"minecraft:bucket":1,"minecraft:spruce_planks":1,"minecraft:beef":51,"minecraft:oak_boat":1,"minecraft:azalea":3,"minecraft:iron_nugget":13,"minecraft:sugar_cane":24,"minecraft:chest":13,"minecraft:furnace":5,"minecraft:stick":7,"minecraft:raw_iron":293,"minecraft:big_dripleaf":19,"minecraft:oak_fence":2,"minecraft:fire_charge":1,"minecraft:porkchop":13,"minecraft:pointed_dripstone":14,"minecraft:diorite":5,"minecraft:redstone":70,"minecraft:cauldron":6,"minecraft:arrow":19,"minecraft:rotten_flesh":63,"minecraft:tropical_fish":2,"minecraft:saddle":2,"minecraft:glow_berries":9,"minecraft:mutton":8,"minecraft:obsidian":10,"minecraft:white_wool":4,"minecraft:cobblestone":269,"minecraft:cooked_beef":58,"minecraft:glow_ink_sac":2,"minecraft:andesite":31,"minecraft:golden_leggings":2,"minecraft:leather":46,"minecraft:fern":4,"minecraft:smoker":1,"minecraft:potato":34,"minecraft:tuff":11,"minecraft:oak_log":26,"minecraft:blue_bed":1,"minecraft:lapis_lazuli":104,"minecraft:dirt":76,"minecraft:name_tag":2,"minecraft:leather_boots":2,"minecraft:cooked_mutton":10,"minecraft:bone":18,"minecraft:apple":7,"minecraft:stonecutter":11,"minecraft:bow":2,"minecraft:wheat_seeds":10,"minecraft:raw_gold":66,"minecraft:iron_ingot":6,"minecraft:stone_pickaxe":1,"minecraft:fletching_table":3,"minecraft:oak_planks":9,"minecraft:moss_block":11,"minecraft:flowering_azalea":1,"minecraft:book":12,"minecraft:cooked_porkchop":13,"minecraft:sweet_berries":26,"minecraft:dandelion":5,"minecraft:gravel":17,"minecraft:spruce_sapling":24,"minecraft:blast_furnace":6,"minecraft:spruce_log":139,"minecraft:spider_eye":3,"minecraft:barrel":2,"minecraft:pumpkin_seeds":8,"minecraft:clay":128,"minecraft:slime_ball":30,"minecraft:diamond":12,"minecraft:stone_axe":1,"minecraft:iron_helmet":1,"minecraft:granite":13,"minecraft:gray_wool":1,"minecraft:bread":30,"minecraft:emerald":4,"minecraft:rooted_dirt":33,"minecraft:baked_potato":1,"minecraft:netherrack":2,"minecraft:coal":39},"minecraft:broken":{"minecraft:iron_shovel":7,"minecraft:shield":1,"minecraft:stone_axe":1,"minecraft:iron_sword":1},"minecraft:crafted":{"minecraft:oak_planks":104,"minecraft:chainmail_helmet":9,"minecraft:furnace":3,"minecraft:stone":7,"minecraft:diamond_shovel":1,"minecraft:oak_trapdoor":2,"minecraft:diamond_helmet":1,"minecraft:diamond_leggings":1,"minecraft:iron_boots":1,"minecraft:iron_axe":2,"minecraft:stone_pickaxe":1,"minecraft:diamond_boots":1,"minecraft:cooked_beef":3,"minecraft:emerald":234,"minecraft:crafting_table":6,"minecraft:spruce_planks":488,"minecraft:wooden_pickaxe":1,"minecraft:iron_sword":1,"minecraft:bucket":2,"minecraft:stone_axe":2,"minecraft:air":0,"minecraft:oak_boat":1,"minecraft:iron_chestplate":10,"minecraft:diamond_pickaxe":1,"minecraft:shield":2,"minecraft:stick":1024,"minecraft:iron_ingot":93,"minecraft:iron_pickaxe":1,"minecraft:iron_shovel":9,"minecraft:iron_leggings":1,"minecraft:stonecutter":2,"minecraft:clay":1248,"minecraft:diamond_chestplate":1},"minecraft:mined":{"minecraft:tuff":13,"minecraft:spruce_planks":1,"minecraft:deepslate_diamond_ore":12,"minecraft:obsidian":10,"minecraft:cave_vines_plant":1,"minecraft:granite":8,"minecraft:grass_block":33,"minecraft:spruce_leaves":15,"minecraft:moss_block":13,"minecraft:rooted_dirt":35,"minecraft:spawner":2,"minecraft:tall_seagrass":1,"minecraft:redstone_ore":4,"minecraft:furnace":5,"minecraft:iron_ore":174,"minecraft:barrel":2,"minecraft:andesite":33,"minecraft:deepslate_lapis_ore":9,"minecraft:fletching_table":3,"minecraft:gold_block":1,"minecraft:bookshelf":4,"minecraft:pointed_dripstone":2,"minecraft:dirt_path":6,"minecraft:cave_vines":4,"minecraft:deepslate_iron_ore":69,"minecraft:water_cauldron":2,"minecraft:azalea":3,"minecraft:stone":262,"minecraft:podzol":2,"minecraft:deepslate_redstone_ore":12,"minecraft:smoker":1,"minecraft:dandelion":5,"minecraft:crafting_table":11,"minecraft:clay":1886,"minecraft:cornflower":2,"minecraft:short_grass":61,"minecraft:blast_furnace":6,"minecraft:emerald_ore":2,"minecraft:chest":13,"minecraft:copper_ore":2,"minecraft:cobblestone":3,"minecraft:tall_grass":25,"minecraft:lapis_ore":1,"minecraft:deepslate_gold_ore":39,"minecraft:oak_planks":6,"minecraft:sugar_cane":11,"minecraft:diorite":5,"minecraft:blue_bed":1,"minecraft:sweet_berry_bush":1,"minecraft:spruce_log":131,"minecraft:stone_brick_stairs":1,"minecraft:coal_ore":21,"minecraft:oak_log":26,"minecraft:gravel":8,"minecraft:dirt":42,"minecraft:stonecutter":11,"minecraft:small_dripleaf":1,"minecraft:netherrack":2,"minecraft:gold_ore":4,"minecraft:oak_leaves":7,"minecraft:deepslate":105},"minecraft:used":{"minecraft:moss_block":1,"minecraft:oak_trapdoor":2,"minecraft:iron_shovel":1971,"minecraft:tropical_fish":1,"minecraft:spruce_planks":1,"minecraft:chest":13,"minecraft:shield":51,"minecraft:stone":1,"minecraft:iron_sword":252,"minecraft:netherrack":2,"minecraft:dirt":19,"minecraft:tuff":11,"minecraft:granite":9,"minecraft:obsidian":10,"minecraft:iron_axe":207,"minecraft:iron_boots":1,"minecraft:golden_sword":31,"minecraft:sweet_berries":6,"minecraft:furnace":8,"minecraft:cooked_beef":57,"minecraft:cobbled_deepslate":60,"minecraft:iron_leggings":1,"minecraft:cooked_mutton":7,"minecraft:diorite":2,"minecraft:baked_potato":1,"minecraft:stone_pickaxe":102,"minecraft:oak_planks":6,"minecraft:wooden_pickaxe":4,"minecraft:fletching_table":3,"minecraft:stonecutter":13,"minecraft:blue_bed":1,"minecraft:clay":635,"minecraft:white_wool":1,"minecraft:golden_apple":1,"minecraft:glow_berries":7,"minecraft:crafting_table":15,"minecraft:blast_furnace":6,"minecraft:spruce_log":10,"minecraft:diamond_pickaxe":507,"minecraft:bread":13,"minecraft:iron_pickaxe":228,"minecraft:spruce_sapling":20,"minecraft:gravel":1,"minecraft:stone_axe":117,"minecraft:fire_charge":1,"minecraft:cobblestone":45,"minecraft:cooked_porkchop":4,"minecraft:bucket":1,"minecraft:oak_boat":1,"minecraft:gray_wool":1},"minecraft:custom":{"minecraft:mob_kills":151,"minecraft:interact_with_crafting_table":52,"minecraft:interact_with_campfire":53,"minecraft:leave_game":3,"minecraft:time_since_death":268998,"minecraft:climb_one_cm":2403,"minecraft:sprint_one_cm":1004962,"minecraft:walk_one_cm":714883,"minecraft:damage_blocked_by_shield":3830,"minecraft:drop":168,"minecraft:talked_to_villager":76,"minecraft:play_time":268998,"minecraft:sneak_time":5400,"minecraft:walk_under_water_one_cm":15373,"minecraft:boat_one_cm":61255,"minecraft:jump":5902,"minecraft:interact_with_blast_furnace":4,"minecraft:walk_on_water_one_cm":20216,"minecraft:total_world_time":268998,"minecraft:interact_with_furnace":40,"minecraft:traded_with_villager":257,"minecraft:sleep_in_bed":3,"minecraft:time_since_rest":59807,"minecraft:damage_taken":5212,"minecraft:damage_absorbed":3,"minecraft:damage_dealt":20240,"minecraft:fly_one_cm":984396,"minecraft:swim_one_cm":17798,"minecraft:open_chest":58,"minecraft:crouch_one_cm":20368,"minecraft:fall_one_cm":160864},"minecraft:killed":{"minecraft:spider":8,"minecraft:slime":18,"minecraft:skeleton":22,"minecraft:pig":6,"minecraft:zombie_villager":1,"minecraft:sheep":5,"minecraft:zombie":52,"minecraft:cow":35}},"DataVersion":3839}