{"stats":{"minecraft:crafted":{"minecraft:grindstone":1,"minecraft:oak_planks":136,"minecraft:chainmail_helmet":9,"minecraft:stone":19,"minecraft:diamond_shovel":1,"minecraft:bookshelf":19,"minecraft:diamond_helmet":1,"minecraft:diamond_leggings":1,"minecraft:iron_boots":1,"minecraft:stone_hoe":10,"minecraft:emerald":604,"minecraft:diamond_axe":1,"minecraft:crafting_table":6,"minecraft:spruce_planks":612,"minecraft:baked_potato":14,"minecraft:wooden_pickaxe":1,"minecraft:smithing_table":1,"minecraft:spruce_trapdoor":6,"minecraft:lectern":2,"minecraft:book":32,"minecraft:iron_chestplate":10,"minecraft:paper":96,"minecraft:diamond_pickaxe":2,"minecraft:shield":2,"minecraft:stick":1032,"minecraft:stone_slab":6,"minecraft:iron_ingot":430,"minecraft:iron_pickaxe":1,"minecraft:iron_block":3,"minecraft:raw_iron":18,"minecraft:furnace":3,"minecraft:oak_trapdoor":2,"minecraft:flint_and_steel":1,"minecraft:iron_axe":12,"minecraft:iron_hoe":1,"minecraft:spruce_slab":12,"minecraft:stone_pickaxe":1,"minecraft:diamond_boots":1,"minecraft:cooked_beef":35,"minecraft:diamond_sword":1,"minecraft:enchanting_table":1,"minecraft:iron_sword":1,"minecraft:bucket":3,"minecraft:stone_axe":2,"minecraft:enchanted_book":4,"minecraft:air":0,"minecraft:oak_boat":1,"minecraft:anvil":1,"minecraft:iron_shovel":9,"minecraft:iron_leggings":1,"minecraft:stonecutter":4,"minecraft:torch":4,"minecraft:clay":1248,"minecraft:diamond_chestplate":1},"minecraft:custom":{"minecraft:interact_with_crafting_table":94,"minecraft:bell_ring":6,"minecraft:leave_game":10,"minecraft:time_since_death":577375,"minecraft:sprint_one_cm":1801651,"minecraft:damage_blocked_by_shield":5000,"minecraft:drop":290,"minecraft:talked_to_villager":329,"minecraft:play_time":577375,"minecraft:jump":12553,"minecraft:walk_on_water_one_cm":37743,"minecraft:enchant_item":6,"minecraft:interact_with_furnace":117,"minecraft:traded_with_villager":654,"minecraft:sleep_in_bed":13,"minecraft:damage_dealt":34323,"minecraft:crouch_one_cm":51375,"minecraft:interact_with_anvil":2,"minecraft:mob_kills":228,"minecraft:interact_with_campfire":53,"minecraft:climb_one_cm":5781,"minecraft:walk_one_cm":1310278,"minecraft:sneak_time":14978,"minecraft:walk_under_water_one_cm":21855,"minecraft:boat_one_cm":61255,"minecraft:interact_with_blast_furnace":4,"minecraft:total_world_time":577375,"minecraft:interact_with_grindstone":5,"minecraft:interact_with_stonecutter":1,"minecraft:time_since_rest":67319,"minecraft:damage_taken":8187,"minecraft:damage_absorbed":3,"minecraft:swim_one_cm":42861,"minecraft:fly_one_cm":2320504,"minecraft:open_chest":266,"minecraft:fall_one_cm":351048},"minecraft:used":{"minecraft:moss_block":2,"minecraft:moss_carpet":1,"minecraft:iron_shovel":2131,"minecraft:spruce_slab":10,"minecraft:chest":14,"minecraft:shield":82,"minecraft:stone":1,"minecraft:iron_sword":252,"minecraft:rotten_flesh":7,"minecraft:tuff":43,"minecraft:obsidian":10,"minecraft:lava_bucket":2,"minecraft:golden_sword":31,"minecraft:sweet_berries":6,"minecraft:furnace":8,"minecraft:egg":2,"minecraft:potato":20,"minecraft:diorite":2,"minecraft:stone_pickaxe":102,"minecraft:oak_planks":8,"minecraft:wooden_pickaxe":4,"minecraft:blue_bed":1,"minecraft:diamond_axe":308,"minecraft:clay":1248,"minecraft:sugar_cane":90,"minecraft:white_wool":1,"minecraft:golden_apple":1,"minecraft:glow_berries":7,"minecraft:blast_furnace":7,"minecraft:bread":40,"minecraft:lectern":106,"minecraft:gravel":7,"minecraft:diamond_sword":178,"minecraft:fire_charge":1,"minecraft:grindstone":2,"minecraft:smithing_table":4,"minecraft:andesite":16,"minecraft:oak_boat":1,"minecraft:oak_trapdoor":2,"minecraft:enchanting_table":1,"minecraft:flint_and_steel":1,"minecraft:tropical_fish":1,"minecraft:spruce_planks":4,"minecraft:netherrack":8,"minecraft:oak_door":1,"minecraft:torch":24,"minecraft:dirt":123,"minecraft:anvil":1,"minecraft:granite":9,"minecraft:iron_hoe":27,"minecraft:bookshelf":17,"minecraft:iron_axe":213,"minecraft:oak_stairs":3,"minecraft:iron_boots":1,"minecraft:golden_carrot":4,"minecraft:cooked_beef":79,"minecraft:cobbled_deepslate":142,"minecraft:iron_leggings":1,"minecraft:pointed_dripstone":1,"minecraft:cooked_mutton":10,"minecraft:water_bucket":1,"minecraft:cobblestone_stairs":2,"minecraft:baked_potato":2,"minecraft:cauldron":1,"minecraft:fletching_table":3,"minecraft:stonecutter":17,"minecraft:warped_roots":1,"minecraft:mossy_cobblestone":1,"minecraft:crafting_table":15,"minecraft:white_bed":5,"minecraft:spruce_log":11,"minecraft:diamond_pickaxe":1692,"minecraft:black_wool":1,"minecraft:diamond_shovel":652,"minecraft:iron_pickaxe":228,"minecraft:spruce_trapdoor":10,"minecraft:spruce_sapling":20,"minecraft:stone_axe":117,"minecraft:cobblestone":195,"minecraft:cooked_porkchop":13,"minecraft:bucket":3,"minecraft:yellow_bed":5,"minecraft:dandelion":1,"minecraft:gray_wool":1},"minecraft:broken":{"minecraft:iron_shovel":8,"minecraft:stone_axe":1,"minecraft:iron_sword":1,"minecraft:shield":2},"minecraft:dropped":{"minecraft:clay":128,"minecraft:moss_block":14,"minecraft:glow_ink_sac":2,"minecraft:crafting_table":1,"minecraft:glow_berries":2,"minecraft:warped_roots":4,"minecraft:rooted_dirt":33,"minecraft:rail":2,"minecraft:cobblestone_stairs":1,"minecraft:emerald":1,"minecraft:dirt":77,"minecraft:large_fern":1,"minecraft:cornflower":3,"minecraft:gold_nugget":14,"minecraft:iron_pickaxe":1,"minecraft:cauldron":2,"minecraft:bone":26,"minecraft:armor_stand":2,"minecraft:gravel":16,"minecraft:stone_axe":2,"minecraft:sugar_cane":7,"minecraft:iron_nugget":13,"minecraft:golden_chestplate":1,"minecraft:cobbled_deepslate":140,"minecraft:music_disc_otherside":1,"minecraft:rotten_flesh":85,"minecraft:oak_planks":7,"minecraft:fern":4,"minecraft:diamond_shovel":2,"minecraft:leather_boots":2,"minecraft:azalea":3,"minecraft:leather_leggings":1,"minecraft:arrow":34,"minecraft:stone_brick_stairs":1,"minecraft:stone_hoe":10,"minecraft:bread":1,"minecraft:wheat_seeds":13,"minecraft:feather":4,"minecraft:oak_fence":2,"minecraft:iron_helmet":1,"minecraft:cobblestone":108,"minecraft:granite":4,"minecraft:tropical_fish":1,"minecraft:chainmail_helmet":9,"minecraft:stick":5,"minecraft:oxeye_daisy":1,"minecraft:diorite":4,"minecraft:iron_leggings":1,"minecraft:oak_stairs":1,"minecraft:flowering_azalea":1,"minecraft:iron_axe":13,"minecraft:iron_shovel":1,"minecraft:string":10,"minecraft:music_disc_cat":1,"minecraft:spruce_sapling":3,"minecraft:dandelion":10,"minecraft:redstone":73,"minecraft:moss_carpet":9,"minecraft:sweet_berries":20,"minecraft:raw_copper":21,"minecraft:tuff":10,"minecraft:chicken":3,"minecraft:clay_ball":33,"minecraft:iron_boots":1,"minecraft:name_tag":2,"minecraft:pumpkin_seeds":12,"minecraft:big_dripleaf":21,"minecraft:potato":20,"minecraft:iron_chestplate":11,"minecraft:andesite":31,"minecraft:oak_sapling":2,"minecraft:golden_leggings":2,"minecraft:golden_sword":1,"minecraft:barrel":1,"minecraft:spider_eye":7,"minecraft:bow":5,"minecraft:stone_pickaxe":2,"minecraft:wooden_pickaxe":2,"minecraft:raw_gold":1},"minecraft:mined":{"minecraft:spruce_planks":4,"minecraft:white_bed":6,"minecraft:cobblestone_stairs":2,"minecraft:obsidian":14,"minecraft:spruce_trapdoor":4,"minecraft:cave_vines_plant":1,"minecraft:granite":23,"minecraft:grass_block":130,"minecraft:composter":1,"minecraft:oxeye_daisy":1,"minecraft:spawner":3,"minecraft:tall_seagrass":1,"minecraft:raw_iron_block":2,"minecraft:cobbled_deepslate":15,"minecraft:iron_ore":235,"minecraft:barrel":2,"minecraft:fletching_table":5,"minecraft:deepslate_lapis_ore":27,"minecraft:pointed_dripstone":2,"minecraft:cave_vines":5,"minecraft:dirt_path":10,"minecraft:water_cauldron":6,"minecraft:oak_stairs":4,"minecraft:azalea":3,"minecraft:spruce_slab":5,"minecraft:deepslate_redstone_ore":75,"minecraft:smoker":1,"minecraft:clay":2512,"minecraft:torch":3,"minecraft:blast_furnace":7,"minecraft:chest":15,"minecraft:cobblestone":32,"minecraft:sugar_cane":120,"minecraft:grindstone":1,"minecraft:oak_planks":12,"minecraft:wall_torch":5,"minecraft:warped_nylium":1,"minecraft:stone_brick_stairs":1,"minecraft:oak_log":34,"minecraft:dirt":88,"minecraft:stonecutter":13,"minecraft:netherrack":9,"minecraft:oak_leaves":17,"minecraft:deepslate":295,"minecraft:tuff":97,"minecraft:mossy_cobblestone":1,"minecraft:deepslate_diamond_ore":49,"minecraft:oak_door":1,"minecraft:spruce_leaves":19,"minecraft:moss_block":19,"minecraft:rooted_dirt":35,"minecraft:redstone_ore":4,"minecraft:furnace":5,"minecraft:andesite":60,"minecraft:gold_block":1,"minecraft:bookshelf":10,"minecraft:deepslate_iron_ore":339,"minecraft:stone":485,"minecraft:smithing_table":3,"minecraft:podzol":40,"minecraft:glass_pane":1,"minecraft:dandelion":14,"minecraft:crafting_table":11,"minecraft:cornflower":2,"minecraft:short_grass":183,"minecraft:emerald_ore":2,"minecraft:warped_roots":1,"minecraft:lectern":104,"minecraft:copper_ore":5,"minecraft:tall_grass":42,"minecraft:deepslate_coal_ore":6,"minecraft:lapis_ore":6,"minecraft:deepslate_gold_ore":91,"minecraft:diorite":8,"minecraft:blue_bed":1,"minecraft:sweet_berry_bush":1,"minecraft:spruce_log":237,"minecraft:yellow_bed":5,"minecraft:black_wool":1,"minecraft:coal_ore":61,"minecraft:gravel":15,"minecraft:small_dripleaf":1,"minecraft:gold_ore":11,"minecraft:infested_stone":1},"minecraft:picked_up":{"minecraft:iron_chestplate":1,"minecraft:smithing_table":3,"minecraft:oak_stairs":4,"minecraft:stone_brick_stairs":2,"minecraft:music_disc_cat":1,"minecraft:string":11,"minecraft:raw_copper":21,"minecraft:armor_stand":2,"minecraft:gold_nugget":14,"minecraft:cobbled_deepslate":459,"minecraft:bucket":1,"minecraft:spruce_planks":4,"minecraft:azalea":3,"minecraft:furnace":5,"minecraft:stick":12,"minecraft:composter":1,"minecraft:big_dripleaf":21,"minecraft:oak_fence":2,"minecraft:torch":9,"minecraft:porkchop":13,"minecraft:pointed_dripstone":14,"minecraft:diorite":8,"minecraft:golden_chestplate":1,"minecraft:cauldron":10,"minecraft:rotten_flesh":100,"minecraft:tropical_fish":2,"minecraft:obsidian":14,"minecraft:cobblestone":624,"minecraft:feather":4,"minecraft:cooked_beef":58,"minecraft:andesite":58,"minecraft:golden_leggings":2,"minecraft:smoker":1,"minecraft:potato":34,"minecraft:flint":1,"minecraft:tuff":105,"minecraft:lapis_lazuli":332,"minecraft:dirt":235,"minecraft:name_tag":2,"minecraft:leather_boots":2,"minecraft:bone":39,"minecraft:stonecutter":13,"minecraft:bow":5,"minecraft:wheat_seeds":15,"minecraft:raw_gold":156,"minecraft:grindstone":1,"minecraft:fletching_table":5,"minecraft:moss_block":16,"minecraft:oak_planks":15,"minecraft:cooked_porkchop":13,"minecraft:barrel":2,"minecraft:mossy_cobblestone":1,"minecraft:clay":128,"minecraft:diamond":87,"minecraft:granite":28,"minecraft:bread":30,"minecraft:emerald":4,"minecraft:rooted_dirt":33,"minecraft:oak_sapling":2,"minecraft:netherrack":8,"minecraft:crafting_table":11,"minecraft:chicken":3,"minecraft:clay_ball":10005,"minecraft:leather_leggings":1,"minecraft:wooden_pickaxe":1,"minecraft:gold_block":1,"minecraft:cornflower":3,"minecraft:moss_carpet":10,"minecraft:large_fern":1,"minecraft:iron_axe":2,"minecraft:iron_shovel":1,"minecraft:music_disc_otherside":1,"minecraft:beef":67,"minecraft:oak_boat":1,"minecraft:iron_nugget":13,"minecraft:spruce_slab":7,"minecraft:lectern":104,"minecraft:sugar_cane":195,"minecraft:chest":15,"minecraft:spruce_trapdoor":4,"minecraft:egg":2,"minecraft:raw_iron":806,"minecraft:oak_door":1,"minecraft:fire_charge":1,"minecraft:redstone":423,"minecraft:arrow":37,"minecraft:saddle":2,"minecraft:glow_berries":9,"minecraft:mutton":9,"minecraft:rail":2,"minecraft:white_wool":4,"minecraft:oxeye_daisy":1,"minecraft:glow_ink_sac":2,"minecraft:leather":55,"minecraft:fern":4,"minecraft:oak_log":34,"minecraft:yellow_bed":5,"minecraft:gunpowder":4,"minecraft:cobblestone_stairs":3,"minecraft:blue_bed":1,"minecraft:cooked_mutton":10,"minecraft:apple":7,"minecraft:iron_ingot":6,"minecraft:stone_pickaxe":1,"minecraft:flowering_azalea":1,"minecraft:book":30,"minecraft:sweet_berries":26,"minecraft:dandelion":13,"minecraft:raw_iron_block":2,"minecraft:gravel":23,"minecraft:spruce_sapling":29,"minecraft:blast_furnace":7,"minecraft:white_bed":6,"minecraft:spruce_log":245,"minecraft:spider_eye":7,"minecraft:diamond_shovel":2,"minecraft:pumpkin_seeds":8,"minecraft:slime_ball":30,"minecraft:stone_axe":1,"minecraft:iron_helmet":1,"minecraft:gray_wool":1,"minecraft:warped_roots":6,"minecraft:baked_potato":1,"minecraft:black_wool":2,"minecraft:coal":84},"minecraft:killed":{"minecraft:cave_spider":2,"minecraft:spider":13,"minecraft:skeleton":40,"minecraft:chicken":1,"minecraft:pig":7,"minecraft:zombie_villager":2,"minecraft:creeper":3,"minecraft:sheep":6,"minecraft:zombie":85,"minecraft:cow":43,"minecraft:slime":18,"minecraft:horse":3}},"DataVersion":3839}