{"stats":{"minecraft:custom":{"minecraft:time_since_rest":10195,"minecraft:crouch_one_cm":374,"minecraft:play_time":10195,"minecraft:sprint_one_cm":37456,"minecraft:damage_taken":145,"minecraft:walk_one_cm":24078,"minecraft:sneak_time":277,"minecraft:mob_kills":1,"minecraft:drop":1,"minecraft:jump":168,"minecraft:damage_dealt":246,"minecraft:leave_game":1,"minecraft:time_since_death":10195,"minecraft:total_world_time":10195,"minecraft:interact_with_crafting_table":3,"minecraft:fall_one_cm":4195,"minecraft:fly_one_cm":28382},"minecraft:crafted":{"minecraft:oak_planks":48,"minecraft:stone_axe":1,"minecraft:crafting_table":1,"minecraft:stick":8,"minecraft:stone_pickaxe":1,"minecraft:wooden_pickaxe":1},"minecraft:killed":{"minecraft:zombie":1},"minecraft:mined":{"minecraft:short_grass":1,"minecraft:grass_block":2,"minecraft:oak_log":12,"minecraft:dirt":8,"minecraft:tall_grass":1,"minecraft:stone":22,"minecraft:crafting_table":1,"minecraft:oak_leaves":2},"minecraft:picked_up":{"minecraft:cooked_mutton":3,"minecraft:crafting_table":1,"minecraft:arrow":1,"minecraft:rotten_flesh":3,"minecraft:oak_log":12,"minecraft:mutton":2,"minecraft:dirt":10,"minecraft:cobblestone":25},"minecraft:dropped":{"minecraft:rotten_flesh":1},"minecraft:used":{"minecraft:cooked_mutton":2,"minecraft:stone_axe":14,"minecraft:dirt":2,"minecraft:crafting_table":1,"minecraft:stone_pickaxe":18,"minecraft:wooden_pickaxe":4}},"DataVersion":3839}