{"stats":{"minecraft:custom":{"minecraft:mob_kills":96,"minecraft:interact_with_crafting_table":49,"minecraft:interact_with_campfire":30,"minecraft:leave_game":2,"minecraft:time_since_death":168533,"minecraft:climb_one_cm":793,"minecraft:sprint_one_cm":571940,"minecraft:walk_one_cm":384982,"minecraft:damage_blocked_by_shield":3830,"minecraft:drop":97,"minecraft:talked_to_villager":72,"minecraft:play_time":168533,"minecraft:sneak_time":4646,"minecraft:walk_under_water_one_cm":10569,"minecraft:boat_one_cm":61255,"minecraft:jump":3363,"minecraft:interact_with_blast_furnace":4,"minecraft:walk_on_water_one_cm":11754,"minecraft:total_world_time":168533,"minecraft:interact_with_furnace":40,"minecraft:traded_with_villager":227,"minecraft:sleep_in_bed":2,"minecraft:time_since_rest":483,"minecraft:damage_taken":3179,"minecraft:damage_dealt":11451,"minecraft:fly_one_cm":578794,"minecraft:swim_one_cm":17670,"minecraft:open_chest":52,"minecraft:crouch_one_cm":17748,"minecraft:fall_one_cm":91464},"minecraft:crafted":{"minecraft:oak_planks":104,"minecraft:chainmail_helmet":9,"minecraft:furnace":3,"minecraft:stone":7,"minecraft:oak_trapdoor":2,"minecraft:diamond_helmet":1,"minecraft:diamond_leggings":1,"minecraft:iron_boots":1,"minecraft:iron_axe":2,"minecraft:stone_pickaxe":1,"minecraft:diamond_boots":1,"minecraft:cooked_beef":3,"minecraft:emerald":204,"minecraft:crafting_table":5,"minecraft:spruce_planks":484,"minecraft:wooden_pickaxe":1,"minecraft:iron_sword":1,"minecraft:bucket":1,"minecraft:stone_axe":2,"minecraft:air":0,"minecraft:oak_boat":1,"minecraft:iron_chestplate":10,"minecraft:diamond_pickaxe":1,"minecraft:shield":2,"minecraft:stick":1024,"minecraft:iron_ingot":93,"minecraft:iron_pickaxe":1,"minecraft:iron_shovel":5,"minecraft:iron_leggings":1,"minecraft:stonecutter":2,"minecraft:clay":564,"minecraft:diamond_chestplate":1},"minecraft:dropped":{"minecraft:wheat_seeds":8,"minecraft:glow_ink_sac":2,"minecraft:iron_helmet":1,"minecraft:cobblestone":2,"minecraft:tropical_fish":1,"minecraft:chainmail_helmet":9,"minecraft:stick":3,"minecraft:emerald":1,"minecraft:dirt":30,"minecraft:diorite":3,"minecraft:large_fern":1,"minecraft:cornflower":3,"minecraft:iron_leggings":1,"minecraft:gold_nugget":14,"minecraft:iron_pickaxe":1,"minecraft:string":2,"minecraft:cauldron":2,"minecraft:redstone":18,"minecraft:armor_stand":2,"minecraft:dandelion":3,"minecraft:bone":5,"minecraft:gravel":2,"minecraft:moss_carpet":5,"minecraft:stone_axe":2,"minecraft:sweet_berries":14,"minecraft:sugar_cane":7,"minecraft:iron_nugget":13,"minecraft:cobbled_deepslate":19,"minecraft:rotten_flesh":21,"minecraft:iron_boots":1,"minecraft:fern":4,"minecraft:pumpkin_seeds":12,"minecraft:iron_chestplate":11,"minecraft:azalea":1,"minecraft:leather_boots":2,"minecraft:golden_sword":1,"minecraft:leather_leggings":1,"minecraft:barrel":1,"minecraft:spider_eye":2,"minecraft:arrow":6,"minecraft:bow":2,"minecraft:stone_pickaxe":2,"minecraft:raw_gold":1},"minecraft:picked_up":{"minecraft:crafting_table":10,"minecraft:iron_chestplate":1,"minecraft:clay_ball":4452,"minecraft:leather_leggings":1,"minecraft:gold_block":1,"minecraft:stone_brick_stairs":1,"minecraft:cornflower":3,"minecraft:string":2,"minecraft:moss_carpet":5,"minecraft:iron_axe":1,"minecraft:large_fern":1,"minecraft:armor_stand":2,"minecraft:gold_nugget":14,"minecraft:cobbled_deepslate":38,"minecraft:bucket":1,"minecraft:beef":35,"minecraft:oak_boat":1,"minecraft:azalea":1,"minecraft:iron_nugget":13,"minecraft:sugar_cane":24,"minecraft:chest":13,"minecraft:furnace":5,"minecraft:stick":2,"minecraft:raw_iron":177,"minecraft:fire_charge":1,"minecraft:porkchop":9,"minecraft:pointed_dripstone":14,"minecraft:diorite":3,"minecraft:redstone":18,"minecraft:cauldron":6,"minecraft:arrow":6,"minecraft:rotten_flesh":25,"minecraft:tropical_fish":1,"minecraft:saddle":2,"minecraft:obsidian":10,"minecraft:mutton":5,"minecraft:white_wool":3,"minecraft:cobblestone":83,"minecraft:cooked_beef":42,"minecraft:glow_ink_sac":2,"minecraft:leather":39,"minecraft:fern":4,"minecraft:smoker":1,"minecraft:potato":34,"minecraft:oak_log":26,"minecraft:lapis_lazuli":62,"minecraft:blue_bed":1,"minecraft:dirt":50,"minecraft:cooked_mutton":7,"minecraft:leather_boots":2,"minecraft:bone":5,"minecraft:apple":7,"minecraft:stonecutter":11,"minecraft:bow":2,"minecraft:wheat_seeds":8,"minecraft:raw_gold":47,"minecraft:iron_ingot":5,"minecraft:stone_pickaxe":1,"minecraft:fletching_table":2,"minecraft:book":12,"minecraft:cooked_porkchop":9,"minecraft:sweet_berries":20,"minecraft:dandelion":5,"minecraft:gravel":3,"minecraft:spruce_sapling":18,"minecraft:blast_furnace":6,"minecraft:spruce_log":128,"minecraft:barrel":2,"minecraft:spider_eye":2,"minecraft:pumpkin_seeds":8,"minecraft:slime_ball":30,"minecraft:diamond":7,"minecraft:stone_axe":1,"minecraft:iron_helmet":1,"minecraft:granite":3,"minecraft:bread":30,"minecraft:emerald":2,"minecraft:baked_potato":1,"minecraft:netherrack":2,"minecraft:coal":39},"minecraft:broken":{"minecraft:iron_shovel":4,"minecraft:shield":1,"minecraft:stone_axe":1},"minecraft:killed":{"minecraft:spider":3,"minecraft:slime":18,"minecraft:skeleton":9,"minecraft:pig":4,"minecraft:zombie_villager":1,"minecraft:sheep":3,"minecraft:zombie":26,"minecraft:cow":28},"minecraft:mined":{"minecraft:deepslate_diamond_ore":7,"minecraft:obsidian":10,"minecraft:granite":3,"minecraft:grass_block":25,"minecraft:spruce_leaves":7,"minecraft:tall_seagrass":1,"minecraft:furnace":5,"minecraft:iron_ore":97,"minecraft:barrel":2,"minecraft:deepslate_lapis_ore":4,"minecraft:fletching_table":2,"minecraft:gold_block":1,"minecraft:dirt_path":6,"minecraft:pointed_dripstone":2,"minecraft:bookshelf":4,"minecraft:water_cauldron":2,"minecraft:cave_vines":1,"minecraft:deepslate_iron_ore":28,"minecraft:stone":74,"minecraft:podzol":2,"minecraft:deepslate_redstone_ore":4,"minecraft:smoker":1,"minecraft:dandelion":5,"minecraft:clay":1107,"minecraft:crafting_table":10,"minecraft:cornflower":2,"minecraft:short_grass":46,"minecraft:blast_furnace":6,"minecraft:chest":13,"minecraft:cobblestone":3,"minecraft:tall_grass":8,"minecraft:deepslate_gold_ore":24,"minecraft:sugar_cane":11,"minecraft:diorite":3,"minecraft:blue_bed":1,"minecraft:sweet_berry_bush":1,"minecraft:spruce_log":119,"minecraft:stone_brick_stairs":1,"minecraft:oak_log":26,"minecraft:coal_ore":21,"minecraft:gravel":1,"minecraft:dirt":28,"minecraft:stonecutter":11,"minecraft:netherrack":2,"minecraft:oak_leaves":4,"minecraft:deepslate":30},"minecraft:used":{"minecraft:oak_trapdoor":2,"minecraft:iron_shovel":1129,"minecraft:chest":13,"minecraft:shield":51,"minecraft:stone":1,"minecraft:iron_sword":130,"minecraft:netherrack":2,"minecraft:dirt":17,"minecraft:granite":3,"minecraft:obsidian":10,"minecraft:iron_axe":132,"minecraft:iron_boots":1,"minecraft:golden_sword":31,"minecraft:sweet_berries":6,"minecraft:furnace":8,"minecraft:cooked_beef":42,"minecraft:cobbled_deepslate":19,"minecraft:iron_leggings":1,"minecraft:cooked_mutton":4,"minecraft:stone_pickaxe":102,"minecraft:oak_planks":4,"minecraft:wooden_pickaxe":4,"minecraft:clay":546,"minecraft:stonecutter":13,"minecraft:blue_bed":1,"minecraft:fletching_table":2,"minecraft:crafting_table":14,"minecraft:blast_furnace":6,"minecraft:spruce_log":10,"minecraft:diamond_pickaxe":14,"minecraft:iron_pickaxe":228,"minecraft:spruce_sapling":8,"minecraft:gravel":1,"minecraft:stone_axe":117,"minecraft:fire_charge":1,"minecraft:cobblestone":29,"minecraft:oak_boat":1}},"DataVersion":3839}