{"stats":{"minecraft:broken":{"minecraft:stone_sword":1,"minecraft:stone_pickaxe":1,"minecraft:shield":1,"minecraft:stone_axe":1,"minecraft:iron_pickaxe":1},"minecraft:dropped":{"minecraft:wheat_seeds":6,"minecraft:poisonous_potato":1,"minecraft:stick":1,"minecraft:gray_wool":1,"minecraft:crimson_roots":5,"minecraft:mutton":2,"minecraft:crimson_fungus":1,"minecraft:sweet_berries":52,"minecraft:beetroot":2,"minecraft:rotten_flesh":6,"minecraft:cooked_mutton":3,"minecraft:azure_bluet":1,"minecraft:poppy":2,"minecraft:oak_sapling":2,"minecraft:spider_eye":2},"minecraft:used":{"minecraft:oak_fence":1,"minecraft:enchanting_table":1,"minecraft:stone_sword":138,"minecraft:spruce_slab":3,"minecraft:poppy":2,"minecraft:chest":9,"minecraft:spruce_planks":3,"minecraft:shield":50,"minecraft:rotten_flesh":10,"minecraft:netherrack":291,"minecraft:iron_chestplate":2,"minecraft:torch":37,"minecraft:mutton":2,"minecraft:dirt":19,"minecraft:diamond_helmet":1,"minecraft:tuff":1,"minecraft:granite":7,"minecraft:iron_hoe":28,"minecraft:lava_bucket":10,"minecraft:bookshelf":16,"minecraft:iron_axe":178,"minecraft:iron_helmet":1,"minecraft:iron_boots":2,"minecraft:diamond_chestplate":1,"minecraft:magma_block":2,"minecraft:sweet_berries":13,"minecraft:furnace":6,"minecraft:egg":3,"minecraft:cooked_beef":23,"minecraft:potato":56,"minecraft:cobbled_deepslate":75,"minecraft:iron_leggings":1,"minecraft:cooked_mutton":8,"minecraft:wheat_seeds":5,"minecraft:water_bucket":61,"minecraft:diamond_boots":1,"minecraft:stone_pickaxe":129,"minecraft:baked_potato":43,"minecraft:wooden_pickaxe":3,"minecraft:composter":4,"minecraft:sugar_cane":42,"minecraft:diamond_axe":110,"minecraft:golden_apple":1,"minecraft:oak_slab":21,"minecraft:crafting_table":8,"minecraft:white_bed":10,"minecraft:smoker":2,"minecraft:oak_log":14,"minecraft:diamond_pickaxe":1779,"minecraft:bread":71,"minecraft:iron_pickaxe":493,"minecraft:lectern":3,"minecraft:oak_pressure_plate":2,"minecraft:stone_axe":94,"minecraft:pink_bed":1,"minecraft:cobblestone":298,"minecraft:grindstone":1,"minecraft:cooked_porkchop":12,"minecraft:bucket":72,"minecraft:andesite":5,"minecraft:yellow_bed":10,"minecraft:oak_boat":2,"minecraft:dandelion":1,"minecraft:diamond_leggings":1},"minecraft:killed_by":{"minecraft:zombie":3},"minecraft:custom":{"minecraft:mob_kills":119,"minecraft:interact_with_crafting_table":62,"minecraft:bell_ring":2,"minecraft:leave_game":8,"minecraft:time_since_death":240135,"minecraft:climb_one_cm":2566,"minecraft:sprint_one_cm":1380168,"minecraft:walk_one_cm":530483,"minecraft:damage_blocked_by_shield":2569,"minecraft:drop":25,"minecraft:talked_to_villager":20,"minecraft:play_time":335125,"minecraft:deaths":3,"minecraft:sneak_time":43712,"minecraft:walk_under_water_one_cm":32395,"minecraft:boat_one_cm":51655,"minecraft:jump":11186,"minecraft:walk_on_water_one_cm":59038,"minecraft:enchant_item":3,"minecraft:total_world_time":335125,"minecraft:interact_with_furnace":82,"minecraft:interact_with_grindstone":2,"minecraft:sleep_in_bed":15,"minecraft:time_since_rest":5118,"minecraft:damage_taken":7064,"minecraft:damage_absorbed":40,"minecraft:damage_dealt":21342,"minecraft:swim_one_cm":90479,"minecraft:fly_one_cm":2565488,"minecraft:open_chest":246,"minecraft:crouch_one_cm":140010,"minecraft:interact_with_smoker":33,"minecraft:fall_one_cm":362451,"minecraft:horse_one_cm":5024},"minecraft:crafted":{"minecraft:grindstone":1,"minecraft:smooth_stone":5,"minecraft:oak_planks":256,"minecraft:pink_bed":1,"minecraft:oak_pressure_plate":1,"minecraft:wolf_armor":2,"minecraft:furnace":4,"minecraft:stone":8,"minecraft:bookshelf":16,"minecraft:cooked_mutton":11,"minecraft:diamond_helmet":1,"minecraft:diamond_leggings":1,"minecraft:iron_boots":1,"minecraft:iron_axe":1,"minecraft:iron_hoe":1,"minecraft:spruce_slab":6,"minecraft:stone_pickaxe":1,"minecraft:chest":4,"minecraft:diamond_boots":1,"minecraft:smoker":2,"minecraft:wheat":216,"minecraft:cooked_beef":23,"minecraft:red_dye":1,"minecraft:oak_slab":24,"minecraft:cooked_porkchop":11,"minecraft:diamond_axe":1,"minecraft:crafting_table":3,"minecraft:spruce_planks":52,"minecraft:enchanting_table":1,"minecraft:wooden_pickaxe":1,"minecraft:baked_potato":68,"minecraft:iron_helmet":1,"minecraft:bucket":1,"minecraft:stone_axe":1,"minecraft:bread":74,"minecraft:air":0,"minecraft:oak_boat":1,"minecraft:iron_chestplate":1,"minecraft:book":37,"minecraft:paper":129,"minecraft:diamond_pickaxe":2,"minecraft:charcoal":3,"minecraft:shield":1,"minecraft:stick":36,"minecraft:stone_slab":6,"minecraft:iron_ingot":56,"minecraft:iron_pickaxe":3,"minecraft:stone_sword":1,"minecraft:iron_leggings":1,"minecraft:white_bed":3,"minecraft:acacia_planks":20,"minecraft:torch":36,"minecraft:shears":2,"minecraft:diamond_chestplate":1},"minecraft:picked_up":{"minecraft:iron_chestplate":2,"minecraft:crafting_table":5,"minecraft:wheat":12,"minecraft:azure_bluet":1,"minecraft:lead":7,"minecraft:stone_slab":5,"minecraft:wooden_pickaxe":1,"minecraft:pink_wool":3,"minecraft:gold_block":1,"minecraft:enchanted_book":1,"minecraft:diamond_horse_armor":1,"minecraft:shield":2,"minecraft:music_disc_cat":2,"minecraft:string":13,"minecraft:raw_copper":12,"minecraft:iron_axe":3,"minecraft:iron_leggings":1,"minecraft:beetroot":3,"minecraft:diamond_leggings":1,"minecraft:gold_nugget":144,"minecraft:cobbled_deepslate":199,"minecraft:spruce_planks":6,"minecraft:beef":68,"minecraft:oak_boat":2,"minecraft:poppy":7,"minecraft:iron_pickaxe":3,"minecraft:lectern":3,"minecraft:sugar_cane":175,"minecraft:chest":8,"minecraft:egg":3,"minecraft:furnace":5,"minecraft:iron_boots":2,"minecraft:stick":51,"minecraft:raw_iron":159,"minecraft:composter":4,"minecraft:oak_fence":2,"minecraft:torch":5,"minecraft:acacia_log":14,"minecraft:porkchop":35,"minecraft:pointed_dripstone":17,"minecraft:diorite":4,"minecraft:carrot":50,"minecraft:iron_horse_armor":2,"minecraft:dark_oak_planks":2,"minecraft:stone_sword":3,"minecraft:weeping_vines":3,"minecraft:arrow":20,"minecraft:rotten_flesh":40,"minecraft:diamond_chestplate":1,"minecraft:beetroot_seeds":15,"minecraft:diamond_boots":1,"minecraft:hay_block":24,"minecraft:armadillo_scute":6,"minecraft:saddle":4,"minecraft:obsidian":5,"minecraft:mutton":21,"minecraft:cobblestone":406,"minecraft:white_wool":26,"minecraft:oxeye_daisy":1,"minecraft:magma_block":3,"minecraft:cooked_beef":6,"minecraft:glow_ink_sac":145,"minecraft:crimson_stem":7,"minecraft:water_bucket":2,"minecraft:andesite":10,"minecraft:leather":44,"minecraft:potato":138,"minecraft:crimson_fungus":2,"minecraft:tuff":21,"minecraft:oak_log":87,"minecraft:yellow_bed":10,"minecraft:golden_boots":1,"minecraft:nether_wart_block":13,"minecraft:gunpowder":21,"minecraft:dirt":103,"minecraft:lapis_lazuli":83,"minecraft:bone":36,"minecraft:bow":1,"minecraft:wheat_seeds":102,"minecraft:stone_pickaxe":1,"minecraft:iron_ingot":41,"minecraft:diamond_helmet":1,"minecraft:bamboo":7,"minecraft:oak_planks":32,"minecraft:book":12,"minecraft:oak_slab":3,"minecraft:cooked_porkchop":12,"minecraft:sweet_berries":96,"minecraft:quartz":282,"minecraft:oak_pressure_plate":2,"minecraft:gravel":9,"minecraft:dandelion":5,"minecraft:poisonous_potato":1,"minecraft:dripstone_block":22,"minecraft:spruce_sapling":5,"minecraft:white_bed":7,"minecraft:spruce_log":20,"minecraft:spider_eye":2,"minecraft:diamond":67,"minecraft:stone_axe":1,"minecraft:iron_helmet":1,"minecraft:granite":32,"minecraft:golden_apple":1,"minecraft:gray_wool":3,"minecraft:bread":28,"minecraft:netherrack":969,"minecraft:oak_sapling":5,"minecraft:melon_seeds":3,"minecraft:coal":74,"minecraft:crimson_roots":25,"minecraft:diamond_pickaxe":1},"minecraft:killed":{"minecraft:armadillo":3,"minecraft:cave_spider":1,"minecraft:spider":4,"minecraft:slime":4,"minecraft:horse":4,"minecraft:skeleton":13,"minecraft:drowned":1,"minecraft:piglin":6,"minecraft:pig":8,"minecraft:iron_golem":7,"minecraft:wandering_trader":1,"minecraft:creeper":2,"minecraft:sheep":11,"minecraft:trader_llama":4,"minecraft:zombie":14,"minecraft:cow":28},"minecraft:mined":{"minecraft:dark_oak_planks":2,"minecraft:nether_gold_ore":29,"minecraft:tuff":20,"minecraft:spruce_planks":4,"minecraft:white_bed":7,"minecraft:deepslate_diamond_ore":58,"minecraft:obsidian":5,"minecraft:granite":34,"minecraft:acacia_log":7,"minecraft:grass_block":17,"minecraft:crimson_roots":13,"minecraft:weeping_vines":2,"minecraft:oak_pressure_plate":1,"minecraft:spruce_leaves":7,"minecraft:composter":4,"minecraft:crimson_fungus":1,"minecraft:oxeye_daisy":1,"minecraft:crimson_stem":6,"minecraft:spawner":1,"minecraft:hay_block":26,"minecraft:weeping_vines_plant":4,"minecraft:magma_block":3,"minecraft:furnace":4,"minecraft:carrots":26,"minecraft:iron_ore":103,"minecraft:andesite":10,"minecraft:deepslate_lapis_ore":5,"minecraft:azure_bluet":1,"minecraft:gold_block":1,"minecraft:bookshelf":4,"minecraft:potatoes":44,"minecraft:pointed_dripstone":10,"minecraft:dirt_path":1,"minecraft:deepslate_iron_ore":45,"minecraft:bamboo":1,"minecraft:stone":391,"minecraft:oak_slab":3,"minecraft:crimson_nylium":80,"minecraft:dandelion":4,"minecraft:oak_fence":2,"minecraft:crafting_table":5,"minecraft:torch":1,"minecraft:short_grass":205,"minecraft:poppy":1,"minecraft:chest":8,"minecraft:lectern":3,"minecraft:tall_grass":52,"minecraft:nether_quartz_ore":196,"minecraft:copper_ore":3,"minecraft:cobblestone":20,"minecraft:lapis_ore":7,"minecraft:oak_planks":1,"minecraft:sugar_cane":160,"minecraft:diorite":5,"minecraft:nether_wart_block":8,"minecraft:wheat":52,"minecraft:sweet_berry_bush":19,"minecraft:spruce_log":13,"minecraft:yellow_bed":10,"minecraft:coal_ore":72,"minecraft:oak_log":87,"minecraft:beetroots":7,"minecraft:gravel":5,"minecraft:dripstone_block":26,"minecraft:dirt":56,"minecraft:netherrack":1051,"minecraft:oak_leaves":21,"minecraft:fern":3,"minecraft:deepslate":201}},"DataVersion":3839}