{"stats":{"minecraft:mined":{"minecraft:dark_oak_planks":2,"minecraft:spruce_planks":4,"minecraft:white_bed":7,"minecraft:obsidian":15,"minecraft:granite":41,"minecraft:acacia_log":7,"minecraft:grass_block":59,"minecraft:oak_pressure_plate":1,"minecraft:composter":4,"minecraft:crimson_fungus":1,"minecraft:oxeye_daisy":1,"minecraft:spawner":1,"minecraft:weeping_vines_plant":4,"minecraft:magma_block":3,"minecraft:fire":6,"minecraft:iron_ore":160,"minecraft:cobbled_deepslate":8,"minecraft:deepslate_lapis_ore":16,"minecraft:azure_bluet":1,"minecraft:pointed_dripstone":10,"minecraft:dirt_path":6,"minecraft:orange_bed":1,"minecraft:crimson_nylium":82,"minecraft:smoker":16,"minecraft:torch":1,"minecraft:blast_furnace":1,"minecraft:poppy":1,"minecraft:chest":10,"minecraft:nether_quartz_ore":520,"minecraft:cobblestone":59,"minecraft:sugar_cane":266,"minecraft:oak_planks":1,"minecraft:nether_wart_block":9,"minecraft:wheat":58,"minecraft:oak_log":98,"minecraft:beetroots":7,"minecraft:sand":57,"minecraft:dirt":68,"minecraft:netherrack":1574,"minecraft:oak_leaves":21,"minecraft:deepslate":221,"minecraft:yellow_terracotta":4,"minecraft:nether_gold_ore":74,"minecraft:tuff":22,"minecraft:deepslate_diamond_ore":58,"minecraft:crimson_roots":13,"minecraft:weeping_vines":2,"minecraft:spruce_leaves":7,"minecraft:acacia_slab":7,"minecraft:crimson_stem":10,"minecraft:hay_block":79,"minecraft:furnace":4,"minecraft:carrots":26,"minecraft:andesite":22,"minecraft:gold_block":1,"minecraft:bell":3,"minecraft:bookshelf":4,"minecraft:potatoes":147,"minecraft:deepslate_iron_ore":47,"minecraft:bamboo":41,"minecraft:stone":485,"minecraft:oak_slab":3,"minecraft:scaffolding":1,"minecraft:dandelion":4,"minecraft:oak_fence":3,"minecraft:crafting_table":6,"minecraft:short_grass":280,"minecraft:lectern":5,"minecraft:tall_grass":57,"minecraft:copper_ore":3,"minecraft:lapis_ore":7,"minecraft:diorite":15,"minecraft:sweet_berry_bush":19,"minecraft:spruce_log":13,"minecraft:yellow_bed":10,"minecraft:coal_ore":147,"minecraft:gravel":30,"minecraft:dripstone_block":26,"minecraft:cobweb":7,"minecraft:fern":3},"minecraft:killed_by":{"minecraft:ravager":1,"minecraft:vindicator":6,"minecraft:zombie":3},"minecraft:killed":{"minecraft:cave_spider":3,"minecraft:witch":3,"minecraft:spider":5,"minecraft:skeleton":18,"minecraft:piglin":8,"minecraft:pig":21,"minecraft:iron_golem":19,"minecraft:creeper":3,"minecraft:sheep":11,"minecraft:trader_llama":4,"minecraft:pillager":19,"minecraft:zombie":19,"minecraft:cow":28,"minecraft:blaze":5,"minecraft:armadillo":3,"minecraft:vindicator":6,"minecraft:slime":4,"minecraft:horse":4,"minecraft:drowned":1,"minecraft:wandering_trader":1,"minecraft:ravager":2},"minecraft:broken":{"minecraft:stone_pickaxe":1,"minecraft:stone_axe":1,"minecraft:stone_sword":1,"minecraft:shield":2,"minecraft:iron_pickaxe":1},"minecraft:custom":{"minecraft:interact_with_crafting_table":84,"minecraft:bell_ring":57,"minecraft:leave_game":15,"minecraft:time_since_death":28246,"minecraft:sprint_one_cm":2158815,"minecraft:damage_blocked_by_shield":6719,"minecraft:drop":79,"minecraft:talked_to_villager":131,"minecraft:play_time":511678,"minecraft:deaths":10,"minecraft:jump":16242,"minecraft:walk_on_water_one_cm":98161,"minecraft:enchant_item":7,"minecraft:interact_with_furnace":115,"minecraft:traded_with_villager":112,"minecraft:interact_with_cartography_table":1,"minecraft:sleep_in_bed":22,"minecraft:damage_dealt":47080,"minecraft:crouch_one_cm":189189,"minecraft:interact_with_smoker":56,"minecraft:use_cauldron":3,"minecraft:horse_one_cm":5024,"minecraft:mob_kills":197,"minecraft:climb_one_cm":9761,"minecraft:walk_one_cm":855730,"minecraft:sneak_time":58215,"minecraft:walk_under_water_one_cm":34086,"minecraft:boat_one_cm":51655,"minecraft:interact_with_blast_furnace":15,"minecraft:total_world_time":511678,"minecraft:raid_trigger":1,"minecraft:interact_with_grindstone":5,"minecraft:time_since_rest":436,"minecraft:damage_taken":12561,"minecraft:damage_absorbed":40,"minecraft:swim_one_cm":93737,"minecraft:fly_one_cm":3684169,"minecraft:open_chest":478,"minecraft:fall_one_cm":483400},"minecraft:dropped":{"minecraft:crimson_nylium":2,"minecraft:crimson_stem":3,"minecraft:crossbow":2,"minecraft:music_disc_13":3,"minecraft:dirt":1,"minecraft:mutton":2,"minecraft:crimson_roots":5,"minecraft:gravel":7,"minecraft:crimson_fungus":1,"minecraft:beetroot":2,"minecraft:rotten_flesh":6,"minecraft:cooked_mutton":3,"minecraft:azure_bluet":1,"minecraft:chainmail_chestplate":14,"minecraft:poppy":9,"minecraft:netherrack":259,"minecraft:wheat_seeds":12,"minecraft:poisonous_potato":3,"minecraft:cobblestone":1,"minecraft:stick":1,"minecraft:gray_wool":1,"minecraft:diorite":3,"minecraft:nether_wart_block":1,"minecraft:white_banner":1,"minecraft:sweet_berries":52,"minecraft:iron_boots":14,"minecraft:andesite":1,"minecraft:oak_sapling":2,"minecraft:spider_eye":2},"minecraft:used":{"minecraft:iron_shovel":138,"minecraft:spruce_slab":4,"minecraft:poppy":2,"minecraft:diamond_hoe":55,"minecraft:chest":11,"minecraft:shield":97,"minecraft:stone":15,"minecraft:bell":3,"minecraft:rotten_flesh":10,"minecraft:iron_chestplate":2,"minecraft:mutton":2,"minecraft:tuff":1,"minecraft:obsidian":10,"minecraft:glass":9,"minecraft:lava_bucket":15,"minecraft:iron_helmet":1,"minecraft:magma_block":2,"minecraft:sweet_berries":13,"minecraft:scaffolding":7,"minecraft:furnace":6,"minecraft:egg":4,"minecraft:potato":198,"minecraft:diamond_boots":5,"minecraft:oak_planks":2,"minecraft:stone_pickaxe":129,"minecraft:wooden_pickaxe":3,"minecraft:composter":4,"minecraft:sugar_cane":42,"minecraft:diamond_axe":375,"minecraft:golden_apple":1,"minecraft:yellow_terracotta":4,"minecraft:blast_furnace":2,"minecraft:crossbow":1,"minecraft:dripstone_block":5,"minecraft:bread":71,"minecraft:lectern":5,"minecraft:oak_pressure_plate":2,"minecraft:gravel":32,"minecraft:diamond_sword":159,"minecraft:grindstone":1,"minecraft:andesite":5,"minecraft:oak_boat":2,"minecraft:bone_meal":48,"minecraft:oak_fence":1,"minecraft:enchanting_table":1,"minecraft:stone_sword":138,"minecraft:flint_and_steel":3,"minecraft:spruce_planks":3,"minecraft:netherrack":400,"minecraft:orange_bed":1,"minecraft:torch":87,"minecraft:dirt":145,"minecraft:nether_quartz_ore":108,"minecraft:diamond_helmet":4,"minecraft:granite":7,"minecraft:iron_hoe":131,"minecraft:bookshelf":17,"minecraft:iron_axe":178,"minecraft:iron_boots":2,"minecraft:bamboo":37,"minecraft:diamond_chestplate":4,"minecraft:cooked_beef":23,"minecraft:cobbled_deepslate":95,"minecraft:iron_leggings":1,"minecraft:pointed_dripstone":5,"minecraft:wheat_seeds":5,"minecraft:cooked_mutton":8,"minecraft:water_bucket":80,"minecraft:baked_potato":151,"minecraft:cartography_table":1,"minecraft:cauldron":4,"minecraft:oak_slab":21,"minecraft:crafting_table":10,"minecraft:white_bed":10,"minecraft:smoker":17,"minecraft:oak_log":14,"minecraft:diamond_pickaxe":3053,"minecraft:iron_pickaxe":511,"minecraft:stone_axe":94,"minecraft:pink_bed":1,"minecraft:cobblestone":372,"minecraft:white_banner":2,"minecraft:cooked_porkchop":12,"minecraft:bucket":98,"minecraft:yellow_bed":10,"minecraft:dandelion":1,"minecraft:diamond_leggings":3},"minecraft:crafted":{"minecraft:grindstone":1,"minecraft:oak_planks":300,"minecraft:smooth_stone":5,"minecraft:pink_bed":1,"minecraft:oak_pressure_plate":1,"minecraft:wolf_armor":2,"minecraft:stone":8,"minecraft:bookshelf":17,"minecraft:cooked_mutton":11,"minecraft:glass":57,"minecraft:diamond_helmet":1,"minecraft:diamond_leggings":1,"minecraft:iron_boots":11,"minecraft:chest":4,"minecraft:smoker":2,"minecraft:oak_slab":24,"minecraft:emerald":94,"minecraft:cauldron":4,"minecraft:cooked_porkchop":11,"minecraft:diamond_axe":1,"minecraft:crafting_table":4,"minecraft:spruce_planks":52,"minecraft:iron_helmet":1,"minecraft:wooden_pickaxe":1,"minecraft:baked_potato":177,"minecraft:chainmail_chestplate":7,"minecraft:cartography_table":1,"minecraft:book":37,"minecraft:iron_chestplate":1,"minecraft:charcoal":3,"minecraft:paper":240,"minecraft:diamond_pickaxe":3,"minecraft:shield":5,"minecraft:stick":103,"minecraft:stone_slab":6,"minecraft:iron_ingot":169,"minecraft:iron_pickaxe":3,"minecraft:stone_sword":1,"minecraft:shears":2,"minecraft:furnace":5,"minecraft:blast_furnace":1,"minecraft:bone_meal":48,"minecraft:glass_pane":128,"minecraft:flint_and_steel":1,"minecraft:scaffolding":12,"minecraft:iron_axe":1,"minecraft:spruce_slab":6,"minecraft:iron_hoe":1,"minecraft:stone_pickaxe":1,"minecraft:diamond_boots":1,"minecraft:wheat":693,"minecraft:cooked_beef":23,"minecraft:red_dye":1,"minecraft:crimson_planks":24,"minecraft:diamond_sword":1,"minecraft:enchanting_table":1,"minecraft:bucket":1,"minecraft:stone_axe":1,"minecraft:bread":74,"minecraft:air":0,"minecraft:oak_boat":1,"minecraft:iron_shovel":2,"minecraft:iron_leggings":1,"minecraft:white_bed":3,"minecraft:acacia_planks":20,"minecraft:torch":88,"minecraft:diamond_chestplate":1},"minecraft:picked_up":{"minecraft:iron_chestplate":2,"minecraft:wheat":20,"minecraft:stone_slab":5,"minecraft:lead":8,"minecraft:diamond_sword":5,"minecraft:enchanted_book":1,"minecraft:music_disc_cat":2,"minecraft:string":23,"minecraft:raw_copper":12,"minecraft:iron_leggings":1,"minecraft:beetroot":3,"minecraft:diamond_leggings":7,"minecraft:gold_nugget":294,"minecraft:cobbled_deepslate":226,"minecraft:bucket":4,"minecraft:spruce_planks":6,"minecraft:iron_pickaxe":3,"minecraft:iron_boots":9,"minecraft:furnace":5,"minecraft:stick":57,"minecraft:composter":4,"minecraft:oak_fence":3,"minecraft:torch":6,"minecraft:acacia_log":14,"minecraft:porkchop":60,"minecraft:pointed_dripstone":17,"minecraft:diorite":13,"minecraft:orange_bed":1,"minecraft:stone_sword":3,"minecraft:nether_gold_ore":4,"minecraft:rotten_flesh":53,"minecraft:armadillo_scute":17,"minecraft:blaze_rod":3,"minecraft:obsidian":15,"minecraft:cobblestone":517,"minecraft:magma_block":3,"minecraft:cooked_beef":6,"minecraft:water_bucket":4,"minecraft:andesite":21,"minecraft:smoker":16,"minecraft:potato":400,"minecraft:flint":1,"minecraft:tuff":23,"minecraft:lapis_lazuli":157,"minecraft:dirt":163,"minecraft:bone":58,"minecraft:bow":1,"minecraft:wheat_seeds":265,"minecraft:bell":5,"minecraft:diamond_helmet":7,"minecraft:bamboo":63,"minecraft:oak_planks":32,"minecraft:cooked_porkchop":12,"minecraft:music_disc_13":4,"minecraft:oak_pressure_plate":2,"minecraft:poisonous_potato":3,"minecraft:sand":57,"minecraft:diamond":67,"minecraft:crossbow":2,"minecraft:granite":39,"minecraft:golden_apple":2,"minecraft:bread":30,"minecraft:emerald":17,"minecraft:oak_sapling":7,"minecraft:netherrack":1458,"minecraft:crimson_roots":25,"minecraft:diamond_pickaxe":17,"minecraft:crafting_table":6,"minecraft:azure_bluet":1,"minecraft:wooden_pickaxe":1,"minecraft:pink_wool":3,"minecraft:gold_block":1,"minecraft:diamond_horse_armor":1,"minecraft:shield":8,"minecraft:iron_axe":3,"minecraft:flint_and_steel":6,"minecraft:iron_shovel":10,"minecraft:beef":68,"minecraft:oak_boat":2,"minecraft:poppy":26,"minecraft:lectern":5,"minecraft:sugar_cane":283,"minecraft:chest":10,"minecraft:diamond_hoe":6,"minecraft:egg":4,"minecraft:raw_iron":244,"minecraft:stone":15,"minecraft:carrot":50,"minecraft:iron_horse_armor":2,"minecraft:dark_oak_planks":2,"minecraft:arrow":27,"minecraft:weeping_vines":3,"minecraft:diamond_chestplate":7,"minecraft:beetroot_seeds":15,"minecraft:diamond_boots":7,"minecraft:hay_block":77,"minecraft:yellow_terracotta":8,"minecraft:saddle":13,"minecraft:mutton":21,"minecraft:white_wool":26,"minecraft:oxeye_daisy":1,"minecraft:crimson_stem":10,"minecraft:glow_ink_sac":145,"minecraft:leather":44,"minecraft:crimson_fungus":2,"minecraft:oak_log":98,"minecraft:chainmail_chestplate":7,"minecraft:golden_boots":2,"minecraft:yellow_bed":10,"minecraft:nether_wart_block":14,"minecraft:gunpowder":26,"minecraft:white_banner":13,"minecraft:iron_ingot":113,"minecraft:stone_pickaxe":1,"minecraft:book":12,"minecraft:scaffolding":1,"minecraft:oak_slab":3,"minecraft:nether_quartz_ore":108,"minecraft:sweet_berries":96,"minecraft:quartz":567,"minecraft:dandelion":5,"minecraft:dripstone_block":22,"minecraft:gravel":47,"minecraft:spruce_sapling":5,"minecraft:blast_furnace":1,"minecraft:white_bed":7,"minecraft:spruce_log":20,"minecraft:spider_eye":3,"minecraft:stone_axe":1,"minecraft:iron_helmet":1,"minecraft:diamond_axe":6,"minecraft:gray_wool":3,"minecraft:baked_potato":64,"minecraft:acacia_slab":42,"minecraft:melon_seeds":3,"minecraft:crimson_nylium":2,"minecraft:coal":164}},"DataVersion":3839}