{"stats":{"minecraft:custom":{"minecraft:time_since_rest":10236,"minecraft:interact_with_furnace":8,"minecraft:sprint_one_cm":29400,"minecraft:damage_taken":210,"minecraft:walk_one_cm":21071,"minecraft:mob_kills":18,"minecraft:drop":5,"minecraft:damage_dealt":1707,"minecraft:interact_with_crafting_table":4,"minecraft:fly_one_cm":67630,"minecraft:crouch_one_cm":1362,"minecraft:play_time":10236,"minecraft:sneak_time":630,"minecraft:jump":321,"minecraft:leave_game":2,"minecraft:time_since_death":10236,"minecraft:total_world_time":10236,"minecraft:fall_one_cm":10081},"minecraft:crafted":{"minecraft:oak_planks":16,"minecraft:crafting_table":1,"minecraft:stick":8,"minecraft:wooden_pickaxe":1,"minecraft:stone_pickaxe":1,"minecraft:stone_sword":1,"minecraft:furnace":1,"minecraft:stone_axe":1,"minecraft:cooked_mutton":8,"minecraft:air":0},"minecraft:mined":{"minecraft:furnace":1,"minecraft:crafting_table":2,"minecraft:short_grass":5,"minecraft:grass_block":4,"minecraft:oak_log":4,"minecraft:dirt":9,"minecraft:tall_grass":3,"minecraft:stone":23},"minecraft:killed":{"minecraft:skeleton":1,"minecraft:sheep":8,"minecraft:pig":5,"minecraft:cow":4},"minecraft:picked_up":{"minecraft:crafting_table":2,"minecraft:leather":4,"minecraft:porkchop":11,"minecraft:oak_log":4,"minecraft:dirt":13,"minecraft:bone":1,"minecraft:beef":8,"minecraft:gray_wool":1,"minecraft:mutton":15,"minecraft:white_wool":7,"minecraft:cobblestone":20,"minecraft:furnace":1},"minecraft:dropped":{"minecraft:mutton":2,"minecraft:cooked_mutton":3},"minecraft:used":{"minecraft:cooked_mutton":3,"minecraft:stone_sword":3,"minecraft:stone_pickaxe":23,"minecraft:wooden_pickaxe":3,"minecraft:stone_axe":25,"minecraft:mutton":2,"minecraft:crafting_table":2,"minecraft:furnace":1}},"DataVersion":3839}