{"stats":{"minecraft:killed_by":{"minecraft:ravager":1,"minecraft:vindicator":6,"minecraft:zombie":3},"minecraft:picked_up":{"minecraft:iron_chestplate":2,"minecraft:wheat":20,"minecraft:chainmail_boots":1,"minecraft:lead":8,"minecraft:smithing_table":1,"minecraft:stone_slab":5,"minecraft:diamond_sword":5,"minecraft:enchanted_book":1,"minecraft:golden_sword":2,"minecraft:music_disc_cat":2,"minecraft:string":24,"minecraft:raw_copper":12,"minecraft:iron_leggings":1,"minecraft:beetroot":3,"minecraft:diamond_leggings":7,"minecraft:gold_nugget":297,"minecraft:cobbled_deepslate":312,"minecraft:bucket":4,"minecraft:spruce_planks":6,"minecraft:iron_pickaxe":3,"minecraft:iron_boots":9,"minecraft:furnace":5,"minecraft:stick":248,"minecraft:composter":7,"minecraft:oak_fence":34,"minecraft:torch":12,"minecraft:acacia_log":14,"minecraft:porkchop":60,"minecraft:pointed_dripstone":17,"minecraft:diorite":14,"minecraft:cauldron":8,"minecraft:orange_bed":1,"minecraft:stone_sword":3,"minecraft:nether_gold_ore":68,"minecraft:rotten_flesh":63,"minecraft:iron_block":1,"minecraft:armadillo_scute":41,"minecraft:bookshelf":1,"minecraft:blaze_rod":3,"minecraft:obsidian":15,"minecraft:cobblestone":528,"minecraft:magma_block":3,"minecraft:cooked_beef":6,"minecraft:magma_cream":1,"minecraft:water_bucket":4,"minecraft:andesite":21,"minecraft:smoker":16,"minecraft:potato":1061,"minecraft:flint":6,"minecraft:tuff":23,"minecraft:lapis_lazuli":157,"minecraft:dirt":375,"minecraft:lantern":1,"minecraft:glass":1,"minecraft:bone":61,"minecraft:bow":1,"minecraft:wheat_seeds":311,"minecraft:bell":5,"minecraft:fletching_table":8,"minecraft:diamond_helmet":7,"minecraft:bamboo":1974,"minecraft:oak_planks":36,"minecraft:cooked_porkchop":14,"minecraft:music_disc_13":4,"minecraft:oak_pressure_plate":2,"minecraft:poisonous_potato":8,"minecraft:sand":217,"minecraft:stripped_spruce_log":1,"minecraft:grass_block":2,"minecraft:diamond":67,"minecraft:crossbow":2,"minecraft:granite":39,"minecraft:golden_apple":2,"minecraft:emerald":17,"minecraft:bread":30,"minecraft:oak_sapling":7,"minecraft:netherrack":2533,"minecraft:crimson_roots":25,"minecraft:diamond_pickaxe":17,"minecraft:crafting_table":6,"minecraft:azure_bluet":2,"minecraft:brown_mushroom":6,"minecraft:wooden_pickaxe":1,"minecraft:pink_wool":3,"minecraft:gold_block":1,"minecraft:diamond_horse_armor":1,"minecraft:shield":8,"minecraft:cornflower":1,"minecraft:iron_axe":15,"minecraft:flint_and_steel":6,"minecraft:iron_shovel":13,"minecraft:beef":68,"minecraft:oak_boat":2,"minecraft:poppy":35,"minecraft:spruce_slab":2,"minecraft:lectern":230,"minecraft:sugar_cane":1247,"minecraft:chest":10,"minecraft:diamond_hoe":6,"minecraft:egg":6,"minecraft:raw_iron":349,"minecraft:stone":23,"minecraft:music_disc_11":1,"minecraft:carrot":50,"minecraft:iron_horse_armor":2,"minecraft:dark_oak_planks":2,"minecraft:arrow":32,"minecraft:weeping_vines":3,"minecraft:diamond_chestplate":7,"minecraft:beetroot_seeds":15,"minecraft:diamond_boots":7,"minecraft:hay_block":77,"minecraft:yellow_terracotta":8,"minecraft:saddle":13,"minecraft:mutton":21,"minecraft:white_wool":26,"minecraft:oxeye_daisy":1,"minecraft:glow_ink_sac":145,"minecraft:crimson_stem":10,"minecraft:leather":45,"minecraft:crimson_fungus":2,"minecraft:oak_log":114,"minecraft:chainmail_chestplate":7,"minecraft:golden_boots":2,"minecraft:yellow_bed":12,"minecraft:nether_wart_block":14,"minecraft:gunpowder":29,"minecraft:white_banner":13,"minecraft:iron_ingot":182,"minecraft:oak_fence_gate":5,"minecraft:stone_pickaxe":11,"minecraft:book":54,"minecraft:scaffolding":1,"minecraft:oak_slab":4,"minecraft:nether_quartz_ore":109,"minecraft:sweet_berries":96,"minecraft:quartz":567,"minecraft:dandelion":9,"minecraft:dripstone_block":22,"minecraft:gravel":94,"minecraft:spruce_sapling":268,"minecraft:blast_furnace":1,"minecraft:white_bed":19,"minecraft:spruce_log":3262,"minecraft:spider_eye":4,"minecraft:stone_axe":1,"minecraft:iron_helmet":1,"minecraft:diamond_axe":6,"minecraft:gray_wool":3,"minecraft:baked_potato":65,"minecraft:acacia_slab":42,"minecraft:melon_seeds":3,"minecraft:coal":193,"minecraft:crimson_nylium":7},"minecraft:crafted":{"minecraft:grindstone":1,"minecraft:smooth_stone":5,"minecraft:oak_planks":364,"minecraft:pink_bed":1,"minecraft:blaze_powder":2,"minecraft:oak_pressure_plate":1,"minecraft:wolf_armor":3,"minecraft:stone":8,"minecraft:diamond_shovel":1,"minecraft:bookshelf":51,"minecraft:cooked_mutton":11,"minecraft:glass":245,"minecraft:diamond_helmet":2,"minecraft:bow":24,"minecraft:diamond_leggings":3,"minecraft:iron_boots":11,"minecraft:chest":4,"minecraft:smoker":2,"minecraft:glass_bottle":3,"minecraft:oak_slab":36,"minecraft:emerald":1077,"minecraft:cauldron":4,"minecraft:cooked_porkchop":11,"minecraft:diamond_axe":3,"minecraft:map":6,"minecraft:crafting_table":5,"minecraft:spruce_planks":12936,"minecraft:iron_helmet":1,"minecraft:wooden_pickaxe":1,"minecraft:baked_potato":361,"minecraft:smithing_table":1,"minecraft:chainmail_chestplate":7,"minecraft:fletching_table":2,"minecraft:brewing_stand":1,"minecraft:cartography_table":4,"minecraft:apple":4,"minecraft:lectern":7,"minecraft:book":37,"minecraft:iron_chestplate":1,"minecraft:charcoal":3,"minecraft:paper":1065,"minecraft:diamond_pickaxe":8,"minecraft:shield":6,"minecraft:stick":26833,"minecraft:stone_slab":6,"minecraft:iron_ingot":224,"minecraft:iron_pickaxe":3,"minecraft:iron_block":3,"minecraft:stone_sword":1,"minecraft:gold_ingot":99,"minecraft:shears":2,"minecraft:redstone":20,"minecraft:experience_bottle":32,"minecraft:furnace":5,"minecraft:blast_furnace":1,"minecraft:bone_meal":90,"minecraft:glass_pane":576,"minecraft:flint_and_steel":1,"minecraft:scaffolding":12,"minecraft:lantern":24,"minecraft:iron_axe":2,"minecraft:iron_hoe":1,"minecraft:spruce_slab":54,"minecraft:stone_pickaxe":11,"minecraft:diamond_boots":3,"minecraft:wheat":693,"minecraft:cooked_beef":23,"minecraft:sugar":1,"minecraft:red_dye":1,"minecraft:crimson_planks":24,"minecraft:diamond_sword":3,"minecraft:enchanting_table":1,"minecraft:bucket":3,"minecraft:stone_axe":1,"minecraft:glowstone":4,"minecraft:enchanted_book":8,"minecraft:bread":74,"minecraft:air":0,"minecraft:oak_fence_gate":3,"minecraft:oak_boat":1,"minecraft:golden_apple":3,"minecraft:fermented_spider_eye":1,"minecraft:iron_shovel":8,"minecraft:iron_leggings":1,"minecraft:anvil":1,"minecraft:white_bed":6,"minecraft:acacia_planks":20,"minecraft:torch":96,"minecraft:lapis_lazuli":7,"minecraft:diamond_chestplate":2},"minecraft:custom":{"minecraft:interact_with_crafting_table":160,"minecraft:bell_ring":63,"minecraft:leave_game":28,"minecraft:time_since_death":467271,"minecraft:sprint_one_cm":3929105,"minecraft:damage_blocked_by_shield":7619,"minecraft:drop":198,"minecraft:talked_to_villager":755,"minecraft:play_time":1022411,"minecraft:deaths":12,"minecraft:jump":28094,"minecraft:interact_with_brewingstand":6,"minecraft:walk_on_water_one_cm":116833,"minecraft:enchant_item":21,"minecraft:interact_with_furnace":155,"minecraft:traded_with_villager":1299,"minecraft:interact_with_cartography_table":2,"minecraft:sleep_in_bed":41,"minecraft:damage_dealt":67631,"minecraft:crouch_one_cm":346952,"minecraft:interact_with_smoker":62,"minecraft:use_cauldron":6,"minecraft:horse_one_cm":5024,"minecraft:interact_with_anvil":4,"minecraft:mob_kills":243,"minecraft:climb_one_cm":15706,"minecraft:walk_one_cm":1677943,"minecraft:sneak_time":108700,"minecraft:walk_under_water_one_cm":38807,"minecraft:boat_one_cm":51655,"minecraft:interact_with_blast_furnace":25,"minecraft:total_world_time":1022411,"minecraft:raid_trigger":1,"minecraft:interact_with_grindstone":18,"minecraft:time_since_rest":28318,"minecraft:damage_taken":15953,"minecraft:damage_absorbed":70,"minecraft:swim_one_cm":111411,"minecraft:fly_one_cm":6322172,"minecraft:open_chest":1009,"minecraft:fall_one_cm":800925},"minecraft:mined":{"minecraft:dark_oak_planks":2,"minecraft:spruce_planks":4,"minecraft:white_bed":19,"minecraft:obsidian":16,"minecraft:granite":41,"minecraft:acacia_log":7,"minecraft:grass_block":189,"minecraft:oak_pressure_plate":1,"minecraft:composter":7,"minecraft:crimson_fungus":1,"minecraft:oxeye_daisy":1,"minecraft:spawner":1,"minecraft:weeping_vines_plant":4,"minecraft:magma_block":3,"minecraft:iron_ore":221,"minecraft:fire":15,"minecraft:cobbled_deepslate":95,"minecraft:fletching_table":8,"minecraft:deepslate_lapis_ore":16,"minecraft:azure_bluet":2,"minecraft:pointed_dripstone":10,"minecraft:dirt_path":58,"minecraft:iron_block":1,"minecraft:spruce_slab":2,"minecraft:orange_bed":1,"minecraft:brown_mushroom":6,"minecraft:crimson_nylium":90,"minecraft:smoker":16,"minecraft:torch":2,"minecraft:blast_furnace":1,"minecraft:poppy":2,"minecraft:chest":10,"minecraft:nether_quartz_ore":522,"minecraft:glass":1,"minecraft:cobblestone":59,"minecraft:sugar_cane":1043,"minecraft:oak_planks":5,"minecraft:cauldron":1,"minecraft:nether_wart_block":9,"minecraft:wheat":58,"minecraft:lava_cauldron":7,"minecraft:oak_log":114,"minecraft:beetroots":7,"minecraft:oak_fence_gate":5,"minecraft:sand":219,"minecraft:dirt":101,"minecraft:netherrack":2720,"minecraft:oak_leaves":21,"minecraft:deepslate":221,"minecraft:yellow_terracotta":4,"minecraft:nether_gold_ore":138,"minecraft:tuff":22,"minecraft:deepslate_diamond_ore":58,"minecraft:crimson_roots":13,"minecraft:weeping_vines":2,"minecraft:spruce_leaves":32,"minecraft:acacia_slab":7,"minecraft:crimson_stem":10,"minecraft:hay_block":79,"minecraft:spruce_sapling":8,"minecraft:furnace":4,"minecraft:carrots":26,"minecraft:andesite":22,"minecraft:stripped_spruce_log":1,"minecraft:gold_block":1,"minecraft:bell":3,"minecraft:bookshelf":19,"minecraft:potatoes":356,"minecraft:deepslate_iron_ore":47,"minecraft:lantern":1,"minecraft:bamboo_sapling":1,"minecraft:bamboo":367,"minecraft:stone":504,"minecraft:podzol":6,"minecraft:smithing_table":1,"minecraft:oak_slab":4,"minecraft:scaffolding":1,"minecraft:dandelion":8,"minecraft:oak_fence":34,"minecraft:crafting_table":6,"minecraft:cornflower":1,"minecraft:short_grass":685,"minecraft:lectern":230,"minecraft:copper_ore":3,"minecraft:tall_grass":92,"minecraft:lapis_ore":7,"minecraft:diorite":16,"minecraft:sweet_berry_bush":19,"minecraft:spruce_log":3269,"minecraft:yellow_bed":12,"minecraft:coal_ore":167,"minecraft:gravel":57,"minecraft:dripstone_block":26,"minecraft:cobweb":7,"minecraft:fern":3},"minecraft:killed":{"minecraft:cave_spider":3,"minecraft:witch":3,"minecraft:spider":7,"minecraft:skeleton":19,"minecraft:magma_cube":4,"minecraft:piglin":17,"minecraft:pig":21,"minecraft:iron_golem":35,"minecraft:creeper":3,"minecraft:sheep":11,"minecraft:trader_llama":4,"minecraft:pillager":19,"minecraft:zombie":24,"minecraft:blaze":5,"minecraft:cow":28,"minecraft:armadillo":3,"minecraft:vindicator":6,"minecraft:slime":4,"minecraft:horse":4,"minecraft:drowned":1,"minecraft:wandering_trader":1,"minecraft:ravager":2,"minecraft:hoglin":2},"minecraft:broken":{"minecraft:stone_pickaxe":1,"minecraft:stone_axe":1,"minecraft:stone_sword":1,"minecraft:shield":2,"minecraft:diamond_axe":1,"minecraft:iron_axe":1,"minecraft:iron_pickaxe":1},"minecraft:used":{"minecraft:iron_shovel":365,"minecraft:spruce_slab":43,"minecraft:poppy":3,"minecraft:diamond_hoe":55,"minecraft:chest":14,"minecraft:shield":105,"minecraft:stone":15,"minecraft:bell":3,"minecraft:rotten_flesh":12,"minecraft:iron_chestplate":2,"minecraft:mutton":2,"minecraft:tuff":1,"minecraft:obsidian":10,"minecraft:glass":9,"minecraft:lava_bucket":18,"minecraft:lantern":17,"minecraft:iron_helmet":2,"minecraft:magma_block":2,"minecraft:bow":23,"minecraft:sweet_berries":13,"minecraft:scaffolding":7,"minecraft:furnace":6,"minecraft:egg":4,"minecraft:potato":360,"minecraft:diamond_boots":6,"minecraft:stone_pickaxe":129,"minecraft:oak_planks":11,"minecraft:wooden_pickaxe":3,"minecraft:composter":5,"minecraft:diamond_axe":3924,"minecraft:sugar_cane":176,"minecraft:golden_apple":2,"minecraft:yellow_terracotta":4,"minecraft:blast_furnace":2,"minecraft:crossbow":1,"minecraft:dripstone_block":5,"minecraft:bread":71,"minecraft:lectern":237,"minecraft:oak_pressure_plate":2,"minecraft:gravel":83,"minecraft:diamond_sword":555,"minecraft:grindstone":1,"minecraft:smithing_table":2,"minecraft:andesite":5,"minecraft:oak_boat":2,"minecraft:air":1,"minecraft:bone_meal":90,"minecraft:experience_bottle":32,"minecraft:oak_fence":2,"minecraft:enchanting_table":1,"minecraft:stone_sword":138,"minecraft:flint_and_steel":3,"minecraft:spruce_planks":3,"minecraft:netherrack":819,"minecraft:orange_bed":1,"minecraft:torch":101,"minecraft:brewing_stand":1,"minecraft:dirt":311,"minecraft:anvil":1,"minecraft:nether_quartz_ore":108,"minecraft:diamond_helmet":4,"minecraft:granite":7,"minecraft:oak_fence_gate":8,"minecraft:iron_hoe":131,"minecraft:bookshelf":39,"minecraft:iron_block":1,"minecraft:iron_axe":371,"minecraft:iron_boots":3,"minecraft:bamboo":140,"minecraft:diamond_chestplate":4,"minecraft:cooked_beef":23,"minecraft:cobbled_deepslate":214,"minecraft:iron_leggings":1,"minecraft:pointed_dripstone":5,"minecraft:wheat_seeds":6,"minecraft:cooked_mutton":8,"minecraft:water_bucket":138,"minecraft:glass_bottle":4,"minecraft:baked_potato":307,"minecraft:cartography_table":4,"minecraft:cauldron":8,"minecraft:fletching_table":9,"minecraft:crafting_table":11,"minecraft:oak_slab":22,"minecraft:white_bed":25,"minecraft:smoker":17,"minecraft:spruce_log":22,"minecraft:oak_log":14,"minecraft:diamond_pickaxe":4387,"minecraft:diamond_shovel":209,"minecraft:iron_pickaxe":608,"minecraft:spruce_sapling":171,"minecraft:crimson_nylium":3,"minecraft:stone_axe":94,"minecraft:pink_bed":1,"minecraft:cobblestone":372,"minecraft:potion":1,"minecraft:porkchop":6,"minecraft:white_banner":2,"minecraft:cooked_porkchop":15,"minecraft:bucket":164,"minecraft:yellow_bed":12,"minecraft:splash_potion":1,"minecraft:dandelion":2,"minecraft:diamond_leggings":5},"minecraft:dropped":{"minecraft:crimson_nylium":2,"minecraft:crimson_stem":3,"minecraft:porkchop":3,"minecraft:diamond_axe":1,"minecraft:lapis_lazuli":46,"minecraft:baked_potato":1,"minecraft:diamond":2,"minecraft:crossbow":2,"minecraft:music_disc_13":3,"minecraft:dirt":3,"minecraft:cornflower":1,"minecraft:mutton":2,"minecraft:crimson_roots":5,"minecraft:gold_nugget":1,"minecraft:iron_pickaxe":1,"minecraft:bone":1,"minecraft:gravel":7,"minecraft:crimson_fungus":1,"minecraft:stone_axe":1,"minecraft:beetroot":2,"minecraft:rotten_flesh":12,"minecraft:oak_planks":5,"minecraft:cooked_mutton":3,"minecraft:azure_bluet":1,"minecraft:chainmail_chestplate":14,"minecraft:poppy":15,"minecraft:chainmail_boots":2,"minecraft:netherrack":276,"minecraft:wheat_seeds":30,"minecraft:diamond_leggings":1,"minecraft:poisonous_potato":4,"minecraft:iron_helmet":1,"minecraft:cobblestone":1,"minecraft:grass_block":2,"minecraft:stick":76,"minecraft:gray_wool":1,"minecraft:diorite":3,"minecraft:nether_wart_block":1,"minecraft:armadillo_scute":9,"minecraft:white_banner":1,"minecraft:iron_axe":14,"minecraft:iron_shovel":3,"minecraft:string":1,"minecraft:bucket":1,"minecraft:spruce_sapling":3,"minecraft:dandelion":2,"minecraft:sweet_berries":52,"minecraft:iron_boots":14,"minecraft:potato":281,"minecraft:stone":5,"minecraft:andesite":1,"minecraft:oak_sapling":2,"minecraft:golden_sword":2,"minecraft:spider_eye":2,"minecraft:bamboo":4,"minecraft:diamond_boots":1,"minecraft:stone_pickaxe":20,"minecraft:bow":13,"minecraft:magma_cream":1,"minecraft:nether_quartz_ore":1}},"DataVersion":3839}