{"stats":{"minecraft:custom":{"minecraft:mob_kills":69,"minecraft:interact_with_crafting_table":34,"minecraft:leave_game":4,"minecraft:time_since_death":72444,"minecraft:sprint_one_cm":713441,"minecraft:walk_one_cm":237518,"minecraft:damage_blocked_by_shield":2389,"minecraft:drop":17,"minecraft:talked_to_villager":11,"minecraft:play_time":167434,"minecraft:deaths":3,"minecraft:sneak_time":18107,"minecraft:walk_under_water_one_cm":13086,"minecraft:boat_one_cm":51655,"minecraft:jump":6348,"minecraft:walk_on_water_one_cm":38738,"minecraft:total_world_time":167434,"minecraft:interact_with_furnace":63,"minecraft:sleep_in_bed":8,"minecraft:time_since_rest":17494,"minecraft:damage_taken":3717,"minecraft:damage_absorbed":40,"minecraft:damage_dealt":12009,"minecraft:swim_one_cm":38327,"minecraft:fly_one_cm":1553342,"minecraft:open_chest":103,"minecraft:crouch_one_cm":45371,"minecraft:fall_one_cm":210988,"minecraft:horse_one_cm":5024},"minecraft:crafted":{"minecraft:oak_planks":72,"minecraft:oak_pressure_plate":1,"minecraft:furnace":2,"minecraft:cooked_mutton":11,"minecraft:diamond_helmet":1,"minecraft:diamond_leggings":1,"minecraft:iron_boots":1,"minecraft:iron_axe":1,"minecraft:iron_hoe":1,"minecraft:stone_pickaxe":1,"minecraft:chest":2,"minecraft:diamond_boots":1,"minecraft:wheat":216,"minecraft:cooked_beef":23,"minecraft:cooked_porkchop":11,"minecraft:crafting_table":3,"minecraft:spruce_planks":52,"minecraft:iron_helmet":1,"minecraft:wooden_pickaxe":1,"minecraft:bucket":1,"minecraft:stone_axe":1,"minecraft:bread":74,"minecraft:air":0,"minecraft:oak_boat":1,"minecraft:diamond_pickaxe":1,"minecraft:iron_chestplate":1,"minecraft:charcoal":3,"minecraft:paper":24,"minecraft:shield":1,"minecraft:stick":36,"minecraft:iron_ingot":47,"minecraft:iron_pickaxe":3,"minecraft:stone_sword":1,"minecraft:iron_leggings":1,"minecraft:white_bed":1,"minecraft:torch":36,"minecraft:shears":1,"minecraft:diamond_chestplate":1},"minecraft:dropped":{"minecraft:wheat_seeds":2,"minecraft:stick":1,"minecraft:gray_wool":1,"minecraft:mutton":2,"minecraft:sweet_berries":52,"minecraft:rotten_flesh":6,"minecraft:cooked_mutton":3,"minecraft:poppy":2,"minecraft:oak_sapling":2,"minecraft:spider_eye":2},"minecraft:picked_up":{"minecraft:iron_chestplate":2,"minecraft:crafting_table":5,"minecraft:wheat":7,"minecraft:wooden_pickaxe":1,"minecraft:enchanted_book":1,"minecraft:diamond_horse_armor":1,"minecraft:shield":2,"minecraft:music_disc_cat":2,"minecraft:string":10,"minecraft:raw_copper":12,"minecraft:iron_axe":2,"minecraft:iron_leggings":1,"minecraft:cobbled_deepslate":148,"minecraft:spruce_planks":6,"minecraft:beef":33,"minecraft:oak_boat":2,"minecraft:poppy":6,"minecraft:iron_pickaxe":2,"minecraft:lectern":1,"minecraft:sugar_cane":74,"minecraft:chest":6,"minecraft:iron_boots":2,"minecraft:furnace":5,"minecraft:egg":3,"minecraft:stick":49,"minecraft:raw_iron":66,"minecraft:composter":2,"minecraft:oak_fence":1,"minecraft:torch":2,"minecraft:acacia_log":14,"minecraft:porkchop":34,"minecraft:carrot":19,"minecraft:iron_horse_armor":2,"minecraft:dark_oak_planks":2,"minecraft:stone_sword":3,"minecraft:arrow":13,"minecraft:rotten_flesh":34,"minecraft:beetroot_seeds":7,"minecraft:hay_block":24,"minecraft:armadillo_scute":1,"minecraft:saddle":4,"minecraft:mutton":19,"minecraft:white_wool":18,"minecraft:cobblestone":279,"minecraft:cooked_beef":6,"minecraft:water_bucket":1,"minecraft:glow_ink_sac":138,"minecraft:andesite":4,"minecraft:leather":16,"minecraft:potato":23,"minecraft:tuff":19,"minecraft:oak_log":47,"minecraft:yellow_bed":10,"minecraft:gunpowder":20,"minecraft:dirt":95,"minecraft:bone":30,"minecraft:wheat_seeds":60,"minecraft:iron_ingot":37,"minecraft:stone_pickaxe":1,"minecraft:oak_planks":32,"minecraft:book":12,"minecraft:cooked_porkchop":12,"minecraft:sweet_berries":96,"minecraft:dandelion":2,"minecraft:oak_pressure_plate":2,"minecraft:gravel":8,"minecraft:spruce_sapling":5,"minecraft:white_bed":6,"minecraft:spruce_log":20,"minecraft:spider_eye":2,"minecraft:diamond":63,"minecraft:stone_axe":1,"minecraft:iron_helmet":1,"minecraft:granite":31,"minecraft:golden_apple":1,"minecraft:gray_wool":3,"minecraft:oak_sapling":3,"minecraft:melon_seeds":3,"minecraft:coal":20},"minecraft:broken":{"minecraft:stone_sword":1,"minecraft:stone_pickaxe":1,"minecraft:stone_axe":1,"minecraft:iron_pickaxe":1},"minecraft:killed":{"minecraft:armadillo":3,"minecraft:spider":3,"minecraft:slime":4,"minecraft:skeleton":7,"minecraft:horse":1,"minecraft:pig":7,"minecraft:iron_golem":6,"minecraft:creeper":2,"minecraft:sheep":11,"minecraft:zombie":10,"minecraft:cow":11},"minecraft:killed_by":{"minecraft:zombie":3},"minecraft:used":{"minecraft:stone_sword":138,"minecraft:poppy":2,"minecraft:spruce_planks":3,"minecraft:chest":3,"minecraft:shield":48,"minecraft:rotten_flesh":10,"minecraft:iron_chestplate":2,"minecraft:torch":37,"minecraft:dirt":19,"minecraft:mutton":2,"minecraft:diamond_helmet":1,"minecraft:tuff":1,"minecraft:granite":7,"minecraft:iron_hoe":28,"minecraft:lava_bucket":10,"minecraft:iron_axe":97,"minecraft:iron_helmet":1,"minecraft:iron_boots":2,"minecraft:diamond_chestplate":1,"minecraft:sweet_berries":13,"minecraft:furnace":6,"minecraft:egg":3,"minecraft:potato":26,"minecraft:cooked_beef":23,"minecraft:cobbled_deepslate":39,"minecraft:iron_leggings":1,"minecraft:cooked_mutton":8,"minecraft:water_bucket":38,"minecraft:diamond_boots":1,"minecraft:stone_pickaxe":129,"minecraft:wooden_pickaxe":3,"minecraft:composter":2,"minecraft:sugar_cane":42,"minecraft:golden_apple":1,"minecraft:crafting_table":8,"minecraft:white_bed":6,"minecraft:oak_log":14,"minecraft:diamond_pickaxe":4,"minecraft:bread":13,"minecraft:iron_pickaxe":490,"minecraft:lectern":1,"minecraft:oak_pressure_plate":2,"minecraft:stone_axe":94,"minecraft:cobblestone":73,"minecraft:cooked_porkchop":12,"minecraft:bucket":49,"minecraft:andesite":4,"minecraft:yellow_bed":10,"minecraft:oak_boat":2,"minecraft:diamond_leggings":1,"minecraft:dandelion":1},"minecraft:mined":{"minecraft:dark_oak_planks":2,"minecraft:tuff":18,"minecraft:spruce_planks":4,"minecraft:white_bed":6,"minecraft:deepslate_diamond_ore":54,"minecraft:granite":33,"minecraft:acacia_log":7,"minecraft:grass_block":14,"minecraft:oak_pressure_plate":1,"minecraft:spruce_leaves":7,"minecraft:composter":2,"minecraft:hay_block":26,"minecraft:carrots":8,"minecraft:furnace":4,"minecraft:iron_ore":10,"minecraft:andesite":5,"minecraft:bookshelf":4,"minecraft:potatoes":10,"minecraft:deepslate_iron_ore":42,"minecraft:stone":264,"minecraft:dandelion":1,"minecraft:oak_fence":1,"minecraft:crafting_table":5,"minecraft:torch":1,"minecraft:short_grass":117,"minecraft:chest":6,"minecraft:lectern":1,"minecraft:copper_ore":3,"minecraft:cobblestone":17,"minecraft:tall_grass":16,"minecraft:sugar_cane":55,"minecraft:diorite":1,"minecraft:sweet_berry_bush":19,"minecraft:wheat":30,"minecraft:spruce_log":13,"minecraft:yellow_bed":10,"minecraft:oak_log":47,"minecraft:coal_ore":18,"minecraft:beetroots":4,"minecraft:gravel":4,"minecraft:dirt":51,"minecraft:oak_leaves":8,"minecraft:deepslate":145,"minecraft:fern":3}},"DataVersion":3839}