{"stats":{"minecraft:dropped":{"minecraft:wheat_seeds":5,"minecraft:stick":1,"minecraft:gray_wool":1,"minecraft:mutton":2,"minecraft:crimson_roots":5,"minecraft:crimson_fungus":1,"minecraft:sweet_berries":52,"minecraft:beetroot":2,"minecraft:rotten_flesh":6,"minecraft:cooked_mutton":3,"minecraft:poppy":2,"minecraft:oak_sapling":2,"minecraft:spider_eye":2},"minecraft:picked_up":{"minecraft:crafting_table":5,"minecraft:iron_chestplate":2,"minecraft:wheat":12,"minecraft:stone_slab":5,"minecraft:lead":2,"minecraft:wooden_pickaxe":1,"minecraft:enchanted_book":1,"minecraft:diamond_horse_armor":1,"minecraft:shield":2,"minecraft:music_disc_cat":2,"minecraft:string":11,"minecraft:raw_copper":12,"minecraft:iron_axe":3,"minecraft:iron_leggings":1,"minecraft:beetroot":3,"minecraft:diamond_leggings":1,"minecraft:gold_nugget":52,"minecraft:cobbled_deepslate":148,"minecraft:spruce_planks":6,"minecraft:beef":43,"minecraft:oak_boat":2,"minecraft:poppy":6,"minecraft:iron_pickaxe":3,"minecraft:lectern":1,"minecraft:sugar_cane":145,"minecraft:chest":8,"minecraft:furnace":5,"minecraft:iron_boots":2,"minecraft:egg":3,"minecraft:raw_iron":108,"minecraft:stick":51,"minecraft:composter":4,"minecraft:oak_fence":2,"minecraft:torch":5,"minecraft:acacia_log":14,"minecraft:porkchop":35,"minecraft:diorite":2,"minecraft:carrot":50,"minecraft:iron_horse_armor":2,"minecraft:dark_oak_planks":2,"minecraft:diamond_chestplate":1,"minecraft:weeping_vines":2,"minecraft:arrow":15,"minecraft:stone_sword":3,"minecraft:rotten_flesh":37,"minecraft:beetroot_seeds":15,"minecraft:diamond_boots":1,"minecraft:hay_block":24,"minecraft:armadillo_scute":4,"minecraft:saddle":4,"minecraft:obsidian":5,"minecraft:mutton":19,"minecraft:white_wool":18,"minecraft:cobblestone":300,"minecraft:oxeye_daisy":1,"minecraft:cooked_beef":6,"minecraft:crimson_stem":2,"minecraft:glow_ink_sac":145,"minecraft:water_bucket":2,"minecraft:andesite":8,"minecraft:leather":27,"minecraft:potato":100,"minecraft:crimson_fungus":2,"minecraft:tuff":21,"minecraft:oak_log":87,"minecraft:yellow_bed":10,"minecraft:nether_wart_block":13,"minecraft:gunpowder":20,"minecraft:lapis_lazuli":17,"minecraft:dirt":97,"minecraft:bone":32,"minecraft:bow":1,"minecraft:wheat_seeds":95,"minecraft:iron_ingot":37,"minecraft:stone_pickaxe":1,"minecraft:diamond_helmet":1,"minecraft:oak_planks":32,"minecraft:book":12,"minecraft:oak_slab":3,"minecraft:cooked_porkchop":12,"minecraft:sweet_berries":96,"minecraft:quartz":223,"minecraft:dandelion":3,"minecraft:oak_pressure_plate":2,"minecraft:gravel":8,"minecraft:spruce_sapling":5,"minecraft:white_bed":6,"minecraft:spruce_log":20,"minecraft:spider_eye":2,"minecraft:diamond":63,"minecraft:stone_axe":1,"minecraft:iron_helmet":1,"minecraft:granite":31,"minecraft:golden_apple":1,"minecraft:gray_wool":3,"minecraft:bread":28,"minecraft:netherrack":324,"minecraft:oak_sapling":5,"minecraft:melon_seeds":3,"minecraft:coal":57,"minecraft:crimson_roots":17,"minecraft:diamond_pickaxe":1},"minecraft:broken":{"minecraft:stone_sword":1,"minecraft:stone_pickaxe":1,"minecraft:shield":1,"minecraft:stone_axe":1,"minecraft:iron_pickaxe":1},"minecraft:crafted":{"minecraft:grindstone":1,"minecraft:oak_planks":256,"minecraft:oak_pressure_plate":1,"minecraft:furnace":2,"minecraft:stone":8,"minecraft:bookshelf":11,"minecraft:cooked_mutton":11,"minecraft:diamond_helmet":1,"minecraft:diamond_leggings":1,"minecraft:iron_boots":1,"minecraft:iron_axe":1,"minecraft:iron_hoe":1,"minecraft:spruce_slab":6,"minecraft:stone_pickaxe":1,"minecraft:chest":4,"minecraft:diamond_boots":1,"minecraft:wheat":216,"minecraft:cooked_beef":23,"minecraft:oak_slab":24,"minecraft:cooked_porkchop":11,"minecraft:diamond_axe":1,"minecraft:crafting_table":3,"minecraft:spruce_planks":52,"minecraft:enchanting_table":1,"minecraft:wooden_pickaxe":1,"minecraft:iron_helmet":1,"minecraft:bucket":1,"minecraft:stone_axe":1,"minecraft:bread":74,"minecraft:air":0,"minecraft:oak_boat":1,"minecraft:iron_chestplate":1,"minecraft:book":20,"minecraft:charcoal":3,"minecraft:paper":72,"minecraft:diamond_pickaxe":1,"minecraft:shield":1,"minecraft:stick":36,"minecraft:stone_slab":6,"minecraft:iron_ingot":52,"minecraft:iron_pickaxe":3,"minecraft:stone_sword":1,"minecraft:iron_leggings":1,"minecraft:white_bed":1,"minecraft:torch":36,"minecraft:shears":1,"minecraft:diamond_chestplate":1},"minecraft:mined":{"minecraft:dark_oak_planks":2,"minecraft:nether_gold_ore":6,"minecraft:tuff":20,"minecraft:spruce_planks":4,"minecraft:white_bed":6,"minecraft:deepslate_diamond_ore":54,"minecraft:obsidian":5,"minecraft:granite":33,"minecraft:acacia_log":7,"minecraft:grass_block":14,"minecraft:crimson_roots":10,"minecraft:oak_pressure_plate":1,"minecraft:crimson_fungus":1,"minecraft:spruce_leaves":7,"minecraft:composter":4,"minecraft:oxeye_daisy":1,"minecraft:spawner":1,"minecraft:crimson_stem":1,"minecraft:hay_block":26,"minecraft:weeping_vines_plant":3,"minecraft:furnace":4,"minecraft:carrots":26,"minecraft:iron_ore":54,"minecraft:andesite":8,"minecraft:bookshelf":4,"minecraft:potatoes":34,"minecraft:deepslate_iron_ore":42,"minecraft:dirt_path":1,"minecraft:stone":284,"minecraft:oak_slab":3,"minecraft:crimson_nylium":43,"minecraft:dandelion":2,"minecraft:oak_fence":2,"minecraft:crafting_table":5,"minecraft:torch":1,"minecraft:short_grass":146,"minecraft:chest":8,"minecraft:lectern":1,"minecraft:copper_ore":3,"minecraft:nether_quartz_ore":135,"minecraft:tall_grass":16,"minecraft:cobblestone":17,"minecraft:lapis_ore":2,"minecraft:oak_planks":1,"minecraft:sugar_cane":128,"minecraft:diorite":3,"minecraft:nether_wart_block":8,"minecraft:wheat":52,"minecraft:sweet_berry_bush":19,"minecraft:spruce_log":13,"minecraft:yellow_bed":10,"minecraft:coal_ore":55,"minecraft:oak_log":87,"minecraft:beetroots":7,"minecraft:gravel":4,"minecraft:dirt":52,"minecraft:netherrack":312,"minecraft:oak_leaves":15,"minecraft:fern":3,"minecraft:deepslate":145},"minecraft:used":{"minecraft:oak_fence":1,"minecraft:enchanting_table":1,"minecraft:stone_sword":138,"minecraft:spruce_slab":3,"minecraft:poppy":2,"minecraft:chest":7,"minecraft:spruce_planks":3,"minecraft:shield":50,"minecraft:rotten_flesh":10,"minecraft:netherrack":186,"minecraft:iron_chestplate":2,"minecraft:torch":37,"minecraft:mutton":2,"minecraft:dirt":19,"minecraft:diamond_helmet":1,"minecraft:tuff":1,"minecraft:granite":7,"minecraft:iron_hoe":28,"minecraft:lava_bucket":10,"minecraft:bookshelf":11,"minecraft:iron_axe":178,"minecraft:iron_helmet":1,"minecraft:iron_boots":2,"minecraft:diamond_chestplate":1,"minecraft:sweet_berries":13,"minecraft:furnace":6,"minecraft:egg":3,"minecraft:cooked_beef":23,"minecraft:potato":46,"minecraft:cobbled_deepslate":40,"minecraft:iron_leggings":1,"minecraft:wheat_seeds":5,"minecraft:cooked_mutton":8,"minecraft:water_bucket":50,"minecraft:diamond_boots":1,"minecraft:stone_pickaxe":129,"minecraft:wooden_pickaxe":3,"minecraft:composter":2,"minecraft:sugar_cane":42,"minecraft:diamond_axe":22,"minecraft:golden_apple":1,"minecraft:oak_slab":21,"minecraft:crafting_table":8,"minecraft:white_bed":6,"minecraft:oak_log":14,"minecraft:diamond_pickaxe":625,"minecraft:bread":70,"minecraft:iron_pickaxe":490,"minecraft:lectern":1,"minecraft:oak_pressure_plate":2,"minecraft:stone_axe":94,"minecraft:cobblestone":138,"minecraft:grindstone":1,"minecraft:cooked_porkchop":12,"minecraft:bucket":61,"minecraft:andesite":5,"minecraft:yellow_bed":10,"minecraft:oak_boat":2,"minecraft:dandelion":1,"minecraft:diamond_leggings":1},"minecraft:killed_by":{"minecraft:zombie":3},"minecraft:custom":{"minecraft:mob_kills":89,"minecraft:interact_with_crafting_table":50,"minecraft:bell_ring":1,"minecraft:leave_game":6,"minecraft:time_since_death":165620,"minecraft:climb_one_cm":920,"minecraft:sprint_one_cm":1118133,"minecraft:walk_one_cm":381916,"minecraft:damage_blocked_by_shield":2569,"minecraft:drop":22,"minecraft:talked_to_villager":14,"minecraft:play_time":260610,"minecraft:deaths":3,"minecraft:sneak_time":34401,"minecraft:walk_under_water_one_cm":15251,"minecraft:boat_one_cm":51655,"minecraft:jump":9211,"minecraft:walk_on_water_one_cm":48187,"minecraft:enchant_item":2,"minecraft:total_world_time":260610,"minecraft:interact_with_furnace":69,"minecraft:interact_with_grindstone":1,"minecraft:sleep_in_bed":12,"minecraft:time_since_rest":7817,"minecraft:damage_taken":5576,"minecraft:damage_absorbed":40,"minecraft:damage_dealt":15617,"minecraft:swim_one_cm":47828,"minecraft:fly_one_cm":2180398,"minecraft:open_chest":184,"minecraft:crouch_one_cm":106941,"minecraft:fall_one_cm":310777,"minecraft:horse_one_cm":5024},"minecraft:killed":{"minecraft:armadillo":3,"minecraft:cave_spider":1,"minecraft:spider":3,"minecraft:slime":4,"minecraft:horse":4,"minecraft:skeleton":8,"minecraft:piglin":1,"minecraft:pig":8,"minecraft:iron_golem":6,"minecraft:wandering_trader":1,"minecraft:creeper":2,"minecraft:sheep":11,"minecraft:trader_llama":2,"minecraft:zombie":11,"minecraft:cow":16}},"DataVersion":3839}