{"stats":{"minecraft:custom":{"minecraft:time_since_rest":7702,"minecraft:crouch_one_cm":88,"minecraft:play_time":7702,"minecraft:sprint_one_cm":2986,"minecraft:damage_taken":205,"minecraft:walk_one_cm":15402,"minecraft:sneak_time":8,"minecraft:mob_kills":2,"minecraft:jump":49,"minecraft:damage_dealt":361,"minecraft:time_since_death":7702,"minecraft:total_world_time":7702,"minecraft:fall_one_cm":1140,"minecraft:interact_with_crafting_table":2,"minecraft:fly_one_cm":1931},"minecraft:crafted":{"minecraft:stone_sword":1,"minecraft:torch":8,"minecraft:birch_planks":20,"minecraft:crafting_table":1,"minecraft:stick":16,"minecraft:stone_pickaxe":1,"minecraft:wooden_pickaxe":1,"minecraft:wooden_axe":1},"minecraft:killed":{"minecraft:spider":1,"minecraft:zombie":1},"minecraft:mined":{"minecraft:oak_log":5,"minecraft:coal_ore":20,"minecraft:birch_log":5,"minecraft:stone":8,"minecraft:birch_leaves":1,"minecraft:torch":1},"minecraft:picked_up":{"minecraft:birch_log":5,"minecraft:torch":1,"minecraft:oak_log":5,"minecraft:coal":20,"minecraft:string":1,"minecraft:cobblestone":8},"minecraft:used":{"minecraft:wooden_axe":12,"minecraft:torch":2,"minecraft:crafting_table":1,"minecraft:stone_pickaxe":1,"minecraft:wooden_pickaxe":28}},"DataVersion":3839}