{"stats":{"minecraft:custom":{"minecraft:interact_with_furnace":26,"minecraft:mob_kills":43,"minecraft:interact_with_crafting_table":15,"minecraft:bell_ring":8,"minecraft:leave_game":5,"minecraft:time_since_death":19385,"minecraft:climb_one_cm":1432,"minecraft:time_since_rest":19424,"minecraft:sprint_one_cm":160707,"minecraft:damage_taken":1985,"minecraft:walk_one_cm":313246,"minecraft:drop":4,"minecraft:damage_dealt":5496,"minecraft:talked_to_villager":4,"minecraft:swim_one_cm":4857,"minecraft:fly_one_cm":204500,"minecraft:open_chest":21,"minecraft:crouch_one_cm":21805,"minecraft:play_time":93277,"minecraft:deaths":2,"minecraft:sneak_time":5717,"minecraft:walk_under_water_one_cm":6139,"minecraft:jump":1873,"minecraft:walk_on_water_one_cm":6373,"minecraft:total_world_time":93277,"minecraft:fall_one_cm":49836},"minecraft:crafted":{"minecraft:oak_planks":56,"minecraft:cooked_porkchop":4,"minecraft:crafting_table":1,"minecraft:wooden_pickaxe":1,"minecraft:cooked_chicken":3,"minecraft:iron_helmet":1,"minecraft:iron_sword":1,"minecraft:furnace":1,"minecraft:birch_planks":24,"minecraft:bread":33,"minecraft:cooked_mutton":8,"minecraft:air":0,"minecraft:iron_chestplate":1,"minecraft:iron_boots":1,"minecraft:iron_hoe":1,"minecraft:stick":32,"minecraft:iron_ingot":47,"minecraft:iron_pickaxe":1,"minecraft:stone_pickaxe":1,"minecraft:wooden_axe":1,"minecraft:stone_sword":1,"minecraft:chest":2,"minecraft:iron_leggings":1,"minecraft:torch":28,"minecraft:stone_hoe":3,"minecraft:wheat":99},"minecraft:dropped":{"minecraft:stone_sword":1,"minecraft:arrow":1,"minecraft:string":1,"minecraft:bone":1},"minecraft:picked_up":{"minecraft:wooden_axe":1,"minecraft:birch_log":19,"minecraft:iron_chestplate":1,"minecraft:crafting_table":1,"minecraft:wheat":99,"minecraft:feather":4,"minecraft:chicken":5,"minecraft:andesite":3,"minecraft:wooden_pickaxe":2,"minecraft:potato":9,"minecraft:oak_log":14,"minecraft:gunpowder":2,"minecraft:dirt":34,"minecraft:string":3,"minecraft:iron_leggings":1,"minecraft:iron_shovel":1,"minecraft:bone":3,"minecraft:apple":9,"minecraft:wheat_seeds":1,"minecraft:cobbled_deepslate":2,"minecraft:raw_gold":9,"minecraft:iron_ingot":11,"minecraft:beef":6,"minecraft:stone_pickaxe":1,"minecraft:iron_pickaxe":1,"minecraft:light_gray_wool":2,"minecraft:iron_sword":1,"minecraft:chest":5,"minecraft:birch_sapling":1,"minecraft:oak_planks":29,"minecraft:iron_boots":1,"minecraft:egg":1,"minecraft:furnace":2,"minecraft:stick":2,"minecraft:raw_iron":68,"minecraft:cooked_porkchop":1,"minecraft:sweet_berries":38,"minecraft:torch":2,"minecraft:dripstone_block":1,"minecraft:porkchop":22,"minecraft:diorite":30,"minecraft:white_bed":1,"minecraft:stone_sword":2,"minecraft:arrow":2,"minecraft:rotten_flesh":5,"minecraft:diamond":4,"minecraft:iron_helmet":1,"minecraft:hay_block":11,"minecraft:granite":6,"minecraft:emerald":5,"minecraft:gray_wool":4,"minecraft:bread":9,"minecraft:black_wool":6,"minecraft:cobblestone":60,"minecraft:mutton":34,"minecraft:coal":28,"minecraft:white_wool":18,"minecraft:oxeye_daisy":1},"minecraft:broken":{"minecraft:iron_hoe":1,"minecraft:stone_hoe":2},"minecraft:killed":{"minecraft:pig":9,"minecraft:spider":4,"minecraft:creeper":1,"minecraft:sheep":15,"minecraft:skeleton":1,"minecraft:zombie":6,"minecraft:chicken":4,"minecraft:enderman":1,"minecraft:cow":2},"minecraft:killed_by":{"minecraft:creeper":1},"minecraft:used":{"minecraft:cooked_mutton":8,"minecraft:stone_sword":120,"minecraft:stone_pickaxe":96,"minecraft:oak_planks":11,"minecraft:chest":3,"minecraft:wooden_pickaxe":28,"minecraft:iron_sword":18,"minecraft:stone_hoe":379,"minecraft:cooked_chicken":3,"minecraft:torch":23,"minecraft:dirt":5,"minecraft:crafting_table":2,"minecraft:granite":2,"minecraft:white_bed":1,"minecraft:dripstone_block":1,"minecraft:iron_hoe":250,"minecraft:wooden_axe":43,"minecraft:bread":9,"minecraft:iron_pickaxe":56,"minecraft:cobblestone":23,"minecraft:sweet_berries":20,"minecraft:furnace":3,"minecraft:cooked_porkchop":3,"minecraft:andesite":3,"minecraft:egg":1},"minecraft:mined":{"minecraft:diamond_ore":2,"minecraft:white_bed":1,"minecraft:deepslate_diamond_ore":2,"minecraft:sculk_vein":16,"minecraft:torch":1,"minecraft:crafting_table":1,"minecraft:glow_lichen":1,"minecraft:granite":1,"minecraft:short_grass":3,"minecraft:grass_block":10,"minecraft:chest":3,"minecraft:sculk_sensor":8,"minecraft:deepslate_gold_ore":1,"minecraft:sculk":654,"minecraft:oxeye_daisy":1,"minecraft:diorite":15,"minecraft:hay_block":11,"minecraft:furnace":2,"minecraft:birch_log":12,"minecraft:iron_ore":51,"minecraft:sweet_berry_bush":13,"minecraft:birch_leaves":1,"minecraft:andesite":3,"minecraft:coal_ore":28,"minecraft:oak_log":13,"minecraft:deepslate_iron_ore":13,"minecraft:dripstone_block":1,"minecraft:dirt":4,"minecraft:stone":49,"minecraft:gold_ore":5,"minecraft:deepslate":1,"minecraft:fern":2}},"DataVersion":3839}