{"stats":{"minecraft:mined":{"minecraft:spruce_planks":11,"minecraft:white_bed":6,"minecraft:mossy_cobblestone":8,"minecraft:cobblestone_stairs":17,"minecraft:obsidian":13,"minecraft:spruce_trapdoor":14,"minecraft:grass_block":24,"minecraft:spruce_leaves":112,"minecraft:composter":5,"minecraft:large_fern":4,"minecraft:hay_block":1,"minecraft:spruce_sapling":6,"minecraft:furnace":7,"minecraft:iron_ore":37,"minecraft:snow":1,"minecraft:andesite":1,"minecraft:stripped_spruce_log":1,"minecraft:pumpkin":20,"minecraft:bell":1,"minecraft:pointed_dripstone":2,"minecraft:potatoes":23,"minecraft:dirt_path":3,"minecraft:stone":183,"minecraft:glass_pane":3,"minecraft:snow_block":11,"minecraft:dandelion":1,"minecraft:spruce_door":2,"minecraft:powder_snow":5,"minecraft:crafting_table":7,"minecraft:torch":1,"minecraft:short_grass":32,"minecraft:poppy":1,"minecraft:chest":2,"minecraft:campfire":2,"minecraft:cobblestone":81,"minecraft:tall_grass":13,"minecraft:wall_torch":11,"minecraft:spruce_stairs":4,"minecraft:purple_bed":4,"minecraft:birch_planks":17,"minecraft:birch_log":24,"minecraft:wheat":10,"minecraft:sweet_berry_bush":17,"minecraft:spruce_log":1864,"minecraft:birch_leaves":2,"minecraft:oak_log":30,"minecraft:coal_ore":75,"minecraft:gravel":21,"minecraft:dirt":23,"minecraft:stonecutter":1,"minecraft:oak_leaves":15,"minecraft:fern":7},"minecraft:killed_by":{"minecraft:spider":2,"minecraft:iron_golem":2},"minecraft:killed":{"minecraft:horse":5,"minecraft:pig":16,"minecraft:iron_golem":9,"minecraft:wandering_trader":1,"minecraft:sheep":7,"minecraft:trader_llama":2,"minecraft:goat":2,"minecraft:zombie":1,"minecraft:villager":1,"minecraft:cow":10},"minecraft:broken":{"minecraft:wooden_pickaxe":1,"minecraft:stone_pickaxe":1,"minecraft:stone_axe":7},"minecraft:custom":{"minecraft:mob_kills":54,"minecraft:interact_with_crafting_table":34,"minecraft:bell_ring":27,"minecraft:leave_game":14,"minecraft:time_since_death":234398,"minecraft:sprint_one_cm":538913,"minecraft:walk_one_cm":630003,"minecraft:damage_blocked_by_shield":6,"minecraft:drop":114,"minecraft:talked_to_villager":140,"minecraft:play_time":377609,"minecraft:deaths":4,"minecraft:sneak_time":42828,"minecraft:walk_under_water_one_cm":13,"minecraft:jump":4476,"minecraft:walk_on_water_one_cm":12973,"minecraft:total_world_time":377609,"minecraft:interact_with_furnace":46,"minecraft:traded_with_villager":529,"minecraft:sleep_in_bed":21,"minecraft:time_since_rest":10692,"minecraft:damage_taken":3157,"minecraft:damage_dealt":14504,"minecraft:fly_one_cm":677051,"minecraft:open_chest":75,"minecraft:crouch_one_cm":118326,"minecraft:fall_one_cm":145584},"minecraft:dropped":{"minecraft:iron_sword":1,"minecraft:birch_planks":2,"minecraft:wheat_seeds":9,"minecraft:snowball":41,"minecraft:gold_nugget":2,"minecraft:iron_pickaxe":1,"minecraft:spruce_sapling":34,"minecraft:gravel":9,"minecraft:sweet_berries":6,"minecraft:diamond_hoe":2,"minecraft:wheat":1,"minecraft:stone_shovel":51,"minecraft:poppy":15,"minecraft:potato":2,"minecraft:spruce_trapdoor":3,"minecraft:andesite":1,"minecraft:chainmail_boots":12,"minecraft:oak_sapling":2},"minecraft:used":{"minecraft:stone_sword":145,"minecraft:stone_shovel":54,"minecraft:poppy":4,"minecraft:diamond_hoe":97,"minecraft:chest":8,"minecraft:shield":2,"minecraft:iron_sword":182,"minecraft:bell":2,"minecraft:stone_hoe":72,"minecraft:oak_door":2,"minecraft:torch":31,"minecraft:dirt":16,"minecraft:furnace":10,"minecraft:cooked_beef":18,"minecraft:potato":48,"minecraft:cooked_mutton":6,"minecraft:water_bucket":6,"minecraft:birch_planks":63,"minecraft:stone_pickaxe":260,"minecraft:composter":3,"minecraft:wooden_pickaxe":59,"minecraft:diamond_axe":1202,"minecraft:fletching_table":2,"minecraft:mossy_cobblestone":3,"minecraft:crafting_table":10,"minecraft:blast_furnace":1,"minecraft:white_bed":7,"minecraft:spruce_log":18,"minecraft:diamond_pickaxe":14,"minecraft:diamond_shovel":13,"minecraft:bread":12,"minecraft:iron_pickaxe":112,"minecraft:spruce_trapdoor":3,"minecraft:spruce_sapling":86,"minecraft:gravel":5,"minecraft:stone_axe":931,"minecraft:cobblestone":167,"minecraft:purple_bed":4,"minecraft:cooked_porkchop":8,"minecraft:smithing_table":1,"minecraft:bucket":7},"minecraft:crafted":{"minecraft:oak_door":3,"minecraft:smooth_stone":5,"minecraft:oak_planks":76,"minecraft:stone_shovel":58,"minecraft:diamond_hoe":3,"minecraft:furnace":5,"minecraft:blast_furnace":1,"minecraft:stone":5,"minecraft:diamond_shovel":2,"minecraft:iron_boots":1,"minecraft:stone_pickaxe":2,"minecraft:chest":6,"minecraft:stone_hoe":1,"minecraft:cooked_beef":18,"minecraft:emerald":402,"minecraft:arrow":32,"minecraft:cooked_porkchop":27,"minecraft:diamond_axe":5,"minecraft:crafting_table":3,"minecraft:spruce_planks":6992,"minecraft:wooden_pickaxe":1,"minecraft:iron_helmet":15,"minecraft:iron_sword":1,"minecraft:bell":1,"minecraft:smithing_table":1,"minecraft:fletching_table":2,"minecraft:bucket":1,"minecraft:birch_planks":96,"minecraft:stone_axe":9,"minecraft:air":0,"minecraft:diamond_pickaxe":1,"minecraft:iron_chestplate":1,"minecraft:shield":1,"minecraft:stick":14069,"minecraft:chainmail_boots":36,"minecraft:iron_ingot":37,"minecraft:iron_pickaxe":7,"minecraft:stone_sword":1,"minecraft:iron_leggings":1,"minecraft:white_bed":1,"minecraft:torch":16},"minecraft:picked_up":{"minecraft:charcoal":4,"minecraft:crafting_table":7,"minecraft:iron_chestplate":1,"minecraft:wheat":7,"minecraft:lead":2,"minecraft:shield":1,"minecraft:iron_leggings":1,"minecraft:gold_nugget":2,"minecraft:spruce_planks":11,"minecraft:beef":18,"minecraft:poppy":20,"minecraft:iron_pickaxe":2,"minecraft:chest":2,"minecraft:spruce_trapdoor":16,"minecraft:diamond_hoe":1,"minecraft:iron_boots":1,"minecraft:furnace":7,"minecraft:stick":130,"minecraft:raw_iron":37,"minecraft:composter":5,"minecraft:torch":20,"minecraft:spruce_stairs":4,"minecraft:porkchop":32,"minecraft:pointed_dripstone":5,"minecraft:stone_shovel":1,"minecraft:hay_block":1,"minecraft:obsidian":13,"minecraft:mutton":12,"minecraft:snowball":41,"minecraft:white_wool":7,"minecraft:cobblestone":295,"minecraft:birch_log":24,"minecraft:cooked_beef":10,"minecraft:crimson_stem":3,"minecraft:water_bucket":1,"minecraft:andesite":1,"minecraft:leather":19,"minecraft:potato":50,"minecraft:birch_planks":18,"minecraft:flint":4,"minecraft:nether_wart_block":1,"minecraft:oak_log":30,"minecraft:cobblestone_stairs":17,"minecraft:dirt":49,"minecraft:leather_boots":1,"minecraft:cooked_mutton":7,"minecraft:stonecutter":1,"minecraft:wheat_seeds":32,"minecraft:bell":1,"minecraft:iron_ingot":36,"minecraft:stone_hoe":1,"minecraft:iron_sword":2,"minecraft:cooked_porkchop":1,"minecraft:pumpkin":19,"minecraft:sweet_berries":40,"minecraft:gravel":14,"minecraft:stripped_spruce_log":1,"minecraft:spruce_sapling":167,"minecraft:white_bed":6,"minecraft:spruce_log":1839,"minecraft:spruce_door":1,"minecraft:mossy_cobblestone":7,"minecraft:purple_bed":4,"minecraft:stone_axe":1,"minecraft:iron_helmet":1,"minecraft:oak_sapling":2,"minecraft:netherrack":259,"minecraft:crimson_nylium":2,"minecraft:coal":210}},"DataVersion":3839}