{"stats":{"minecraft:broken":{"minecraft:wooden_pickaxe":1,"minecraft:stone_pickaxe":1,"minecraft:stone_axe":4},"minecraft:dropped":{"minecraft:wheat_seeds":5,"minecraft:snowball":41,"minecraft:spruce_sapling":3,"minecraft:gravel":9,"minecraft:sweet_berries":6,"minecraft:poppy":7,"minecraft:andesite":1,"minecraft:oak_sapling":2},"minecraft:used":{"minecraft:stone_sword":145,"minecraft:stone_shovel":36,"minecraft:diamond_hoe":1,"minecraft:chest":6,"minecraft:iron_sword":49,"minecraft:bell":2,"minecraft:stone_hoe":72,"minecraft:oak_door":2,"minecraft:torch":27,"minecraft:furnace":10,"minecraft:cooked_beef":10,"minecraft:potato":4,"minecraft:cooked_mutton":6,"minecraft:water_bucket":2,"minecraft:birch_planks":63,"minecraft:stone_pickaxe":260,"minecraft:composter":3,"minecraft:wooden_pickaxe":59,"minecraft:fletching_table":1,"minecraft:mossy_cobblestone":3,"minecraft:crafting_table":10,"minecraft:white_bed":7,"minecraft:iron_pickaxe":85,"minecraft:spruce_trapdoor":3,"minecraft:spruce_sapling":32,"minecraft:gravel":1,"minecraft:stone_axe":693,"minecraft:cobblestone":167,"minecraft:purple_bed":4,"minecraft:cooked_porkchop":7,"minecraft:smithing_table":1,"minecraft:bucket":3},"minecraft:killed_by":{"minecraft:spider":2,"minecraft:iron_golem":2},"minecraft:custom":{"minecraft:mob_kills":43,"minecraft:interact_with_crafting_table":28,"minecraft:bell_ring":27,"minecraft:leave_game":13,"minecraft:time_since_death":42917,"minecraft:sprint_one_cm":337981,"minecraft:walk_one_cm":362990,"minecraft:drop":24,"minecraft:talked_to_villager":67,"minecraft:play_time":186128,"minecraft:deaths":4,"minecraft:sneak_time":26022,"minecraft:walk_under_water_one_cm":13,"minecraft:jump":2559,"minecraft:walk_on_water_one_cm":8872,"minecraft:total_world_time":186128,"minecraft:interact_with_furnace":41,"minecraft:traded_with_villager":182,"minecraft:sleep_in_bed":11,"minecraft:time_since_rest":2572,"minecraft:damage_taken":2314,"minecraft:damage_dealt":6190,"minecraft:fly_one_cm":405784,"minecraft:open_chest":31,"minecraft:crouch_one_cm":70084,"minecraft:fall_one_cm":87126},"minecraft:crafted":{"minecraft:oak_door":3,"minecraft:oak_planks":60,"minecraft:stone_shovel":58,"minecraft:diamond_hoe":1,"minecraft:furnace":4,"minecraft:iron_boots":1,"minecraft:stone_pickaxe":2,"minecraft:chest":4,"minecraft:stone_hoe":1,"minecraft:cooked_beef":18,"minecraft:emerald":120,"minecraft:cooked_porkchop":27,"minecraft:crafting_table":3,"minecraft:spruce_planks":2048,"minecraft:wooden_pickaxe":1,"minecraft:iron_helmet":1,"minecraft:iron_sword":1,"minecraft:bell":1,"minecraft:smithing_table":1,"minecraft:fletching_table":1,"minecraft:bucket":1,"minecraft:birch_planks":96,"minecraft:stone_axe":9,"minecraft:air":0,"minecraft:iron_chestplate":1,"minecraft:shield":1,"minecraft:stick":4192,"minecraft:iron_ingot":37,"minecraft:iron_pickaxe":4,"minecraft:stone_sword":1,"minecraft:iron_leggings":1,"minecraft:white_bed":1,"minecraft:torch":16},"minecraft:picked_up":{"minecraft:charcoal":4,"minecraft:crafting_table":7,"minecraft:iron_chestplate":1,"minecraft:wheat":6,"minecraft:shield":1,"minecraft:iron_leggings":1,"minecraft:spruce_planks":11,"minecraft:beef":18,"minecraft:poppy":7,"minecraft:iron_pickaxe":1,"minecraft:chest":2,"minecraft:spruce_trapdoor":13,"minecraft:iron_boots":1,"minecraft:furnace":7,"minecraft:stick":91,"minecraft:raw_iron":37,"minecraft:composter":3,"minecraft:torch":15,"minecraft:spruce_stairs":4,"minecraft:porkchop":32,"minecraft:pointed_dripstone":5,"minecraft:stone_shovel":1,"minecraft:hay_block":1,"minecraft:mutton":12,"minecraft:snowball":41,"minecraft:white_wool":7,"minecraft:cobblestone":269,"minecraft:birch_log":24,"minecraft:cooked_beef":10,"minecraft:water_bucket":1,"minecraft:andesite":1,"minecraft:leather":19,"minecraft:potato":4,"minecraft:birch_planks":16,"minecraft:flint":2,"minecraft:oak_log":30,"minecraft:cobblestone_stairs":17,"minecraft:dirt":23,"minecraft:leather_boots":1,"minecraft:cooked_mutton":7,"minecraft:stonecutter":1,"minecraft:wheat_seeds":25,"minecraft:bell":1,"minecraft:iron_ingot":4,"minecraft:stone_hoe":1,"minecraft:iron_sword":1,"minecraft:cooked_porkchop":1,"minecraft:pumpkin":19,"minecraft:sweet_berries":40,"minecraft:gravel":10,"minecraft:stripped_spruce_log":1,"minecraft:spruce_sapling":38,"minecraft:white_bed":6,"minecraft:spruce_log":512,"minecraft:spruce_door":1,"minecraft:mossy_cobblestone":7,"minecraft:purple_bed":4,"minecraft:stone_axe":1,"minecraft:iron_helmet":1,"minecraft:oak_sapling":2,"minecraft:coal":210},"minecraft:killed":{"minecraft:horse":5,"minecraft:pig":16,"minecraft:iron_golem":1,"minecraft:sheep":7,"minecraft:goat":2,"minecraft:zombie":1,"minecraft:villager":1,"minecraft:cow":10},"minecraft:mined":{"minecraft:spruce_planks":11,"minecraft:white_bed":6,"minecraft:mossy_cobblestone":7,"minecraft:cobblestone_stairs":17,"minecraft:spruce_trapdoor":13,"minecraft:grass_block":6,"minecraft:spruce_leaves":48,"minecraft:composter":3,"minecraft:large_fern":3,"minecraft:hay_block":1,"minecraft:spruce_sapling":4,"minecraft:furnace":7,"minecraft:iron_ore":37,"minecraft:snow":1,"minecraft:andesite":1,"minecraft:stripped_spruce_log":1,"minecraft:pumpkin":20,"minecraft:bell":1,"minecraft:pointed_dripstone":2,"minecraft:potatoes":4,"minecraft:dirt_path":3,"minecraft:stone":182,"minecraft:glass_pane":3,"minecraft:snow_block":11,"minecraft:dandelion":1,"minecraft:spruce_door":2,"minecraft:powder_snow":5,"minecraft:crafting_table":7,"minecraft:torch":1,"minecraft:short_grass":28,"minecraft:chest":2,"minecraft:campfire":2,"minecraft:cobblestone":55,"minecraft:tall_grass":13,"minecraft:wall_torch":10,"minecraft:spruce_stairs":4,"minecraft:purple_bed":4,"minecraft:birch_planks":16,"minecraft:birch_log":24,"minecraft:wheat":10,"minecraft:sweet_berry_bush":17,"minecraft:spruce_log":523,"minecraft:birch_leaves":2,"minecraft:oak_log":30,"minecraft:coal_ore":75,"minecraft:gravel":15,"minecraft:dirt":15,"minecraft:stonecutter":1,"minecraft:oak_leaves":15,"minecraft:fern":3}},"DataVersion":3839}