{"stats":{"minecraft:used":{"minecraft:stone_sword":145,"minecraft:stone_shovel":54,"minecraft:poppy":8,"minecraft:diamond_hoe":97,"minecraft:chest":14,"minecraft:shield":6,"minecraft:iron_sword":266,"minecraft:bell":2,"minecraft:stone_hoe":72,"minecraft:netherrack":7,"minecraft:oak_door":2,"minecraft:torch":44,"minecraft:dirt":23,"minecraft:furnace":10,"minecraft:cooked_beef":18,"minecraft:potato":187,"minecraft:cooked_mutton":6,"minecraft:water_bucket":11,"minecraft:cartography_table":1,"minecraft:birch_planks":63,"minecraft:stone_pickaxe":260,"minecraft:baked_potato":42,"minecraft:composter":3,"minecraft:wooden_pickaxe":59,"minecraft:fletching_table":2,"minecraft:cauldron":2,"minecraft:sugar_cane":18,"minecraft:diamond_axe":2800,"minecraft:mossy_cobblestone":3,"minecraft:crafting_table":13,"minecraft:blast_furnace":1,"minecraft:white_bed":8,"minecraft:spruce_log":22,"minecraft:diamond_pickaxe":214,"minecraft:diamond_shovel":71,"minecraft:map":2,"minecraft:bread":12,"minecraft:iron_pickaxe":117,"minecraft:spruce_trapdoor":3,"minecraft:spruce_sapling":181,"minecraft:gravel":5,"minecraft:stone_axe":931,"minecraft:cobblestone":167,"minecraft:purple_bed":4,"minecraft:grindstone":1,"minecraft:cooked_porkchop":15,"minecraft:smithing_table":1,"minecraft:bucket":12},"minecraft:dropped":{"minecraft:iron_sword":4,"minecraft:birch_planks":2,"minecraft:porkchop":9,"minecraft:wheat_seeds":23,"minecraft:poisonous_potato":3,"minecraft:iron_helmet":1,"minecraft:stick":1,"minecraft:snowball":41,"minecraft:gold_nugget":6,"minecraft:iron_axe":74,"minecraft:iron_pickaxe":1,"minecraft:string":1,"minecraft:spruce_sapling":51,"minecraft:bone":3,"minecraft:gravel":9,"minecraft:sweet_berries":6,"minecraft:wheat":6,"minecraft:stone_shovel":51,"minecraft:diamond_hoe":2,"minecraft:rotten_flesh":2,"minecraft:salmon":1,"minecraft:poppy":18,"minecraft:potato":2,"minecraft:hay_block":1,"minecraft:stone":2,"minecraft:spruce_trapdoor":7,"minecraft:spruce_planks":1,"minecraft:andesite":1,"minecraft:chainmail_boots":14,"minecraft:oak_sapling":2,"minecraft:diamond_boots":1,"minecraft:arrow":2,"minecraft:stone_pickaxe":1},"minecraft:custom":{"minecraft:mob_kills":68,"minecraft:interact_with_crafting_table":45,"minecraft:fill_cauldron":2,"minecraft:bell_ring":27,"minecraft:leave_game":17,"minecraft:time_since_death":408384,"minecraft:climb_one_cm":425,"minecraft:sprint_one_cm":881909,"minecraft:walk_one_cm":889837,"minecraft:damage_blocked_by_shield":356,"minecraft:drop":238,"minecraft:talked_to_villager":219,"minecraft:play_time":551595,"minecraft:deaths":4,"minecraft:sneak_time":66665,"minecraft:walk_under_water_one_cm":3739,"minecraft:jump":7625,"minecraft:interact_with_blast_furnace":1,"minecraft:walk_on_water_one_cm":20546,"minecraft:total_world_time":551595,"minecraft:interact_with_furnace":60,"minecraft:traded_with_villager":1029,"minecraft:sleep_in_bed":30,"minecraft:time_since_rest":11638,"minecraft:damage_taken":4998,"minecraft:damage_dealt":21240,"minecraft:swim_one_cm":12944,"minecraft:fly_one_cm":1230370,"minecraft:open_chest":182,"minecraft:crouch_one_cm":190892,"minecraft:fall_one_cm":249763},"minecraft:killed":{"minecraft:horse":5,"minecraft:fox":1,"minecraft:piglin":1,"minecraft:pig":16,"minecraft:iron_golem":15,"minecraft:wandering_trader":2,"minecraft:squid":3,"minecraft:sheep":7,"minecraft:trader_llama":4,"minecraft:goat":2,"minecraft:zombie":1,"minecraft:villager":1,"minecraft:cow":10},"minecraft:crafted":{"minecraft:grindstone":1,"minecraft:oak_door":3,"minecraft:smooth_stone":5,"minecraft:oak_planks":88,"minecraft:stone_shovel":58,"minecraft:diamond_hoe":3,"minecraft:furnace":5,"minecraft:blast_furnace":1,"minecraft:stone":10,"minecraft:diamond_shovel":2,"minecraft:diamond_helmet":1,"minecraft:diamond_leggings":2,"minecraft:iron_boots":1,"minecraft:iron_axe":84,"minecraft:spruce_wood":21,"minecraft:stone_pickaxe":2,"minecraft:chest":11,"minecraft:diamond_boots":2,"minecraft:stone_hoe":1,"minecraft:cooked_beef":18,"minecraft:map":5,"minecraft:arrow":32,"minecraft:emerald":802,"minecraft:cooked_porkchop":27,"minecraft:diamond_axe":5,"minecraft:crafting_table":3,"minecraft:spruce_planks":13228,"minecraft:iron_helmet":15,"minecraft:wooden_pickaxe":1,"minecraft:baked_potato":89,"minecraft:iron_sword":4,"minecraft:bell":1,"minecraft:smithing_table":1,"minecraft:fletching_table":2,"minecraft:bucket":1,"minecraft:birch_planks":96,"minecraft:stone_axe":9,"minecraft:air":0,"minecraft:cartography_table":1,"minecraft:paper":12,"minecraft:iron_chestplate":1,"minecraft:diamond_pickaxe":1,"minecraft:shield":1,"minecraft:stick":26487,"minecraft:stone_slab":6,"minecraft:chainmail_boots":37,"minecraft:iron_ingot":37,"minecraft:iron_pickaxe":7,"minecraft:stone_sword":1,"minecraft:iron_leggings":1,"minecraft:white_bed":1,"minecraft:torch":16,"minecraft:diamond_chestplate":2},"minecraft:mined":{"minecraft:spruce_planks":20,"minecraft:white_bed":7,"minecraft:mossy_cobblestone":26,"minecraft:cobblestone_stairs":21,"minecraft:obsidian":13,"minecraft:spruce_trapdoor":31,"minecraft:grass_block":39,"minecraft:spruce_leaves":147,"minecraft:composter":5,"minecraft:large_fern":6,"minecraft:hay_block":1,"minecraft:spruce_sapling":13,"minecraft:furnace":7,"minecraft:iron_ore":37,"minecraft:snow":1,"minecraft:andesite":1,"minecraft:stripped_spruce_log":2,"minecraft:pumpkin":20,"minecraft:bell":1,"minecraft:pointed_dripstone":2,"minecraft:potatoes":62,"minecraft:water_cauldron":2,"minecraft:dirt_path":4,"minecraft:stone":183,"minecraft:podzol":39,"minecraft:glass_pane":8,"minecraft:snow_block":11,"minecraft:powder_snow":5,"minecraft:spruce_door":2,"minecraft:dandelion":1,"minecraft:crafting_table":10,"minecraft:torch":2,"minecraft:short_grass":39,"minecraft:poppy":1,"minecraft:chest":3,"minecraft:campfire":2,"minecraft:cobblestone":246,"minecraft:tall_grass":13,"minecraft:sugar_cane":16,"minecraft:wall_torch":12,"minecraft:spruce_stairs":4,"minecraft:purple_bed":4,"minecraft:birch_planks":19,"minecraft:cobblestone_wall":2,"minecraft:birch_log":24,"minecraft:wheat":10,"minecraft:sweet_berry_bush":17,"minecraft:spruce_log":3364,"minecraft:birch_leaves":2,"minecraft:oak_log":30,"minecraft:coal_ore":75,"minecraft:gravel":21,"minecraft:dirt":29,"minecraft:stonecutter":1,"minecraft:netherrack":6,"minecraft:oak_leaves":19,"minecraft:fern":27},"minecraft:picked_up":{"minecraft:charcoal":4,"minecraft:iron_chestplate":1,"minecraft:crafting_table":10,"minecraft:wheat":7,"minecraft:chainmail_boots":1,"minecraft:lead":4,"minecraft:shield":1,"minecraft:string":1,"minecraft:iron_axe":14,"minecraft:iron_leggings":1,"minecraft:diamond_leggings":1,"minecraft:gold_nugget":6,"minecraft:bucket":1,"minecraft:spruce_planks":20,"minecraft:beef":18,"minecraft:poppy":27,"minecraft:iron_pickaxe":3,"minecraft:sugar_cane":30,"minecraft:chest":3,"minecraft:spruce_trapdoor":36,"minecraft:diamond_hoe":1,"minecraft:iron_boots":1,"minecraft:furnace":7,"minecraft:stick":174,"minecraft:raw_iron":37,"minecraft:composter":5,"minecraft:torch":32,"minecraft:spruce_stairs":4,"minecraft:porkchop":41,"minecraft:pointed_dripstone":5,"minecraft:cauldron":2,"minecraft:stone_shovel":1,"minecraft:rotten_flesh":2,"minecraft:diamond_boots":2,"minecraft:hay_block":1,"minecraft:armadillo_scute":10,"minecraft:obsidian":13,"minecraft:mutton":12,"minecraft:snowball":41,"minecraft:white_wool":7,"minecraft:cobblestone":460,"minecraft:birch_log":24,"minecraft:cooked_beef":10,"minecraft:crimson_stem":3,"minecraft:salmon":1,"minecraft:water_bucket":1,"minecraft:andesite":1,"minecraft:leather":22,"minecraft:fern":1,"minecraft:potato":361,"minecraft:birch_planks":20,"minecraft:flint":4,"minecraft:oak_log":30,"minecraft:nether_wart_block":1,"minecraft:cobblestone_wall":2,"minecraft:cobblestone_stairs":21,"minecraft:dirt":104,"minecraft:cooked_mutton":7,"minecraft:leather_boots":1,"minecraft:bone":3,"minecraft:stonecutter":1,"minecraft:bow":1,"minecraft:wheat_seeds":33,"minecraft:bell":3,"minecraft:stone_pickaxe":1,"minecraft:iron_ingot":60,"minecraft:iron_sword":4,"minecraft:stone_hoe":1,"minecraft:cooked_porkchop":1,"minecraft:pumpkin":19,"minecraft:sweet_berries":40,"minecraft:poisonous_potato":3,"minecraft:gravel":14,"minecraft:stripped_spruce_log":2,"minecraft:spruce_sapling":292,"minecraft:ink_sac":7,"minecraft:white_bed":7,"minecraft:spruce_log":3331,"minecraft:spruce_door":3,"minecraft:mossy_cobblestone":25,"minecraft:purple_bed":4,"minecraft:stone_axe":1,"minecraft:iron_helmet":2,"minecraft:diamond_axe":1,"minecraft:oak_sapling":2,"minecraft:netherrack":286,"minecraft:coal":210,"minecraft:crimson_nylium":2},"minecraft:broken":{"minecraft:wooden_pickaxe":1,"minecraft:stone_pickaxe":1,"minecraft:stone_axe":7},"minecraft:killed_by":{"minecraft:spider":2,"minecraft:iron_golem":2}},"DataVersion":3839}