{"stats":{"minecraft:picked_up":{"minecraft:stick":2,"minecraft:crafting_table":2,"minecraft:cooked_porkchop":1,"minecraft:pumpkin":10,"minecraft:porkchop":11,"minecraft:oak_log":24,"minecraft:dirt":4,"minecraft:wheat_seeds":2,"minecraft:oak_sapling":1,"minecraft:mutton":5,"minecraft:coal":41,"minecraft:white_wool":3,"minecraft:cobblestone":116,"minecraft:furnace":1},"minecraft:broken":{"minecraft:wooden_pickaxe":1},"minecraft:mined":{"minecraft:furnace":1,"minecraft:dandelion":1,"minecraft:pumpkin":11,"minecraft:crafting_table":2,"minecraft:grass_block":1,"minecraft:short_grass":5,"minecraft:coal_ore":22,"minecraft:oak_log":24,"minecraft:dirt":3,"minecraft:tall_grass":7,"minecraft:cobblestone":1,"minecraft:stone":115,"minecraft:oak_leaves":15},"minecraft:crafted":{"minecraft:oak_door":3,"minecraft:oak_planks":40,"minecraft:cooked_porkchop":2,"minecraft:crafting_table":2,"minecraft:stick":16,"minecraft:wooden_pickaxe":1,"minecraft:stone_pickaxe":1,"minecraft:stone_sword":1,"minecraft:furnace":1,"minecraft:white_bed":1,"minecraft:torch":16,"minecraft:stone_axe":1,"minecraft:air":0},"minecraft:used":{"minecraft:stone_sword":17,"minecraft:stone_pickaxe":81,"minecraft:wooden_pickaxe":59,"minecraft:stone_axe":19,"minecraft:oak_door":2,"minecraft:torch":5,"minecraft:cobblestone":5,"minecraft:crafting_table":3,"minecraft:furnace":1,"minecraft:cooked_porkchop":2,"minecraft:white_bed":1},"minecraft:killed_by":{"minecraft:spider":2},"minecraft:custom":{"minecraft:time_since_rest":14676,"minecraft:interact_with_furnace":4,"minecraft:sprint_one_cm":30207,"minecraft:damage_taken":655,"minecraft:walk_one_cm":37202,"minecraft:mob_kills":6,"minecraft:damage_dealt":646,"minecraft:interact_with_crafting_table":7,"minecraft:fly_one_cm":53497,"minecraft:crouch_one_cm":20030,"minecraft:play_time":17869,"minecraft:deaths":2,"minecraft:sneak_time":5523,"minecraft:jump":300,"minecraft:leave_game":5,"minecraft:time_since_death":14444,"minecraft:walk_on_water_one_cm":560,"minecraft:total_world_time":17869,"minecraft:fall_one_cm":11951},"minecraft:killed":{"minecraft:sheep":3,"minecraft:pig":3}},"DataVersion":3839}