{"stats":{"minecraft:killed_by":{"minecraft:spider":2,"minecraft:iron_golem":2},"minecraft:picked_up":{"minecraft:iron_chestplate":1,"minecraft:wheat":48,"minecraft:chainmail_boots":1,"minecraft:lead":10,"minecraft:string":1,"minecraft:iron_leggings":1,"minecraft:diamond_leggings":1,"minecraft:gold_nugget":6,"minecraft:cobbled_deepslate":576,"minecraft:bucket":1,"minecraft:spruce_planks":23,"minecraft:wooden_shovel":1,"minecraft:iron_pickaxe":3,"minecraft:iron_boots":1,"minecraft:furnace":7,"minecraft:stick":245,"minecraft:composter":5,"minecraft:torch":47,"minecraft:spruce_stairs":4,"minecraft:porkchop":41,"minecraft:pointed_dripstone":5,"minecraft:diorite":56,"minecraft:cauldron":2,"minecraft:rotten_flesh":2,"minecraft:armadillo_scute":10,"minecraft:obsidian":14,"minecraft:snowball":41,"minecraft:cobblestone":643,"minecraft:birch_log":24,"minecraft:magma_block":5,"minecraft:cooked_beef":12,"minecraft:water_bucket":1,"minecraft:andesite":1,"minecraft:potato":1005,"minecraft:flint":6,"minecraft:tuff":16,"minecraft:lapis_lazuli":117,"minecraft:dirt":249,"minecraft:leather_boots":1,"minecraft:bone":3,"minecraft:stonecutter":1,"minecraft:bow":1,"minecraft:wheat_seeds":158,"minecraft:raw_gold":49,"minecraft:bell":3,"minecraft:fletching_table":3,"minecraft:stone_hoe":1,"minecraft:cooked_porkchop":1,"minecraft:poisonous_potato":6,"minecraft:sand":487,"minecraft:stripped_spruce_log":5,"minecraft:ink_sac":7,"minecraft:mossy_cobblestone":31,"minecraft:diamond":44,"minecraft:granite":18,"minecraft:blue_banner":1,"minecraft:oak_sapling":2,"minecraft:netherrack":356,"minecraft:charcoal":4,"minecraft:crafting_table":10,"minecraft:bee_nest":1,"minecraft:gold_block":1,"minecraft:shield":1,"minecraft:iron_axe":23,"minecraft:beef":26,"minecraft:poppy":28,"minecraft:lectern":82,"minecraft:sugar_cane":345,"minecraft:chest":3,"minecraft:spruce_trapdoor":42,"minecraft:diamond_hoe":1,"minecraft:egg":1,"minecraft:raw_iron":43,"minecraft:spruce_fence":3,"minecraft:redstone":64,"minecraft:stone_shovel":1,"minecraft:diamond_boots":2,"minecraft:hay_block":1,"minecraft:mutton":12,"minecraft:white_wool":90,"minecraft:crimson_stem":3,"minecraft:salmon":1,"minecraft:leather":29,"minecraft:fern":1,"minecraft:birch_planks":64,"minecraft:oak_log":30,"minecraft:cobblestone_wall":3,"minecraft:nether_wart_block":1,"minecraft:cobblestone_stairs":21,"minecraft:cooked_mutton":9,"minecraft:iron_ingot":81,"minecraft:stone_pickaxe":1,"minecraft:iron_sword":5,"minecraft:book":3,"minecraft:pumpkin":21,"minecraft:sweet_berries":42,"minecraft:gravel":29,"minecraft:spruce_sapling":436,"minecraft:white_bed":7,"minecraft:spruce_log":5018,"minecraft:spruce_door":3,"minecraft:purple_bed":4,"minecraft:stone_axe":1,"minecraft:iron_helmet":2,"minecraft:diamond_axe":1,"minecraft:crimson_nylium":2,"minecraft:coal":210},"minecraft:crafted":{"minecraft:grindstone":1,"minecraft:oak_planks":88,"minecraft:smooth_stone":5,"minecraft:stone":10,"minecraft:diamond_shovel":2,"minecraft:bookshelf":30,"minecraft:glass":123,"minecraft:diamond_helmet":1,"minecraft:diamond_leggings":2,"minecraft:iron_boots":1,"minecraft:chest":11,"minecraft:stone_hoe":1,"minecraft:glass_bottle":9,"minecraft:wooden_shovel":1,"minecraft:emerald":1224,"minecraft:arrow":32,"minecraft:cooked_porkchop":27,"minecraft:diamond_axe":5,"minecraft:map":14,"minecraft:crafting_table":3,"minecraft:spruce_planks":19960,"minecraft:iron_helmet":15,"minecraft:baked_potato":166,"minecraft:wooden_pickaxe":1,"minecraft:smithing_table":1,"minecraft:fletching_table":3,"minecraft:birch_planks":96,"minecraft:cartography_table":1,"minecraft:lectern":7,"minecraft:book":30,"minecraft:iron_chestplate":1,"minecraft:paper":225,"minecraft:diamond_pickaxe":3,"minecraft:shield":2,"minecraft:stick":39007,"minecraft:stone_slab":6,"minecraft:iron_ingot":37,"minecraft:iron_pickaxe":7,"minecraft:iron_block":3,"minecraft:stone_sword":1,"minecraft:shears":1,"minecraft:oak_door":3,"minecraft:stone_shovel":58,"minecraft:diamond_hoe":3,"minecraft:furnace":5,"minecraft:blast_furnace":1,"minecraft:spruce_fence":108,"minecraft:white_carpet":3,"minecraft:glass_pane":288,"minecraft:iron_axe":96,"minecraft:spruce_wood":21,"minecraft:spruce_slab":30,"minecraft:blue_banner":1,"minecraft:stone_pickaxe":2,"minecraft:diamond_boots":2,"minecraft:cooked_beef":18,"minecraft:diamond_sword":1,"minecraft:enchanting_table":1,"minecraft:iron_sword":4,"minecraft:bell":1,"minecraft:bucket":1,"minecraft:stone_axe":9,"minecraft:enchanted_book":4,"minecraft:air":0,"minecraft:chainmail_boots":37,"minecraft:iron_leggings":1,"minecraft:anvil":1,"minecraft:white_bed":27,"minecraft:torch":80,"minecraft:diamond_chestplate":2},"minecraft:custom":{"minecraft:animals_bred":23,"minecraft:interact_with_crafting_table":82,"minecraft:bell_ring":27,"minecraft:leave_game":24,"minecraft:time_since_death":855980,"minecraft:sprint_one_cm":1465121,"minecraft:damage_blocked_by_shield":566,"minecraft:drop":290,"minecraft:talked_to_villager":422,"minecraft:play_time":999191,"minecraft:deaths":4,"minecraft:jump":12728,"minecraft:walk_on_water_one_cm":55850,"minecraft:enchant_item":14,"minecraft:interact_with_furnace":100,"minecraft:traded_with_villager":1499,"minecraft:sleep_in_bed":46,"minecraft:damage_dealt":27161,"minecraft:crouch_one_cm":327576,"minecraft:interact_with_anvil":4,"minecraft:mob_kills":88,"minecraft:fill_cauldron":2,"minecraft:climb_one_cm":425,"minecraft:walk_one_cm":1447870,"minecraft:sneak_time":108125,"minecraft:walk_under_water_one_cm":6714,"minecraft:interact_with_blast_furnace":1,"minecraft:total_world_time":999191,"minecraft:interact_with_grindstone":2,"minecraft:time_since_rest":2145,"minecraft:damage_taken":6712,"minecraft:swim_one_cm":25816,"minecraft:fly_one_cm":2179812,"minecraft:open_chest":363,"minecraft:fall_one_cm":378806},"minecraft:mined":{"minecraft:spruce_planks":23,"minecraft:white_bed":7,"minecraft:cobblestone_stairs":21,"minecraft:obsidian":13,"minecraft:spruce_trapdoor":37,"minecraft:granite":18,"minecraft:grass_block":66,"minecraft:composter":5,"minecraft:magma_block":7,"minecraft:iron_ore":37,"minecraft:fire":4,"minecraft:pumpkin":22,"minecraft:fletching_table":3,"minecraft:deepslate_lapis_ore":8,"minecraft:pointed_dripstone":2,"minecraft:dirt_path":44,"minecraft:water_cauldron":2,"minecraft:deepslate_redstone_ore":12,"minecraft:powder_snow":5,"minecraft:torch":4,"minecraft:poppy":1,"minecraft:chest":3,"minecraft:cobblestone":308,"minecraft:sugar_cane":189,"minecraft:wall_torch":17,"minecraft:birch_log":24,"minecraft:wheat":57,"minecraft:oak_log":30,"minecraft:sand":491,"minecraft:dirt":104,"minecraft:stonecutter":1,"minecraft:netherrack":88,"minecraft:oak_leaves":19,"minecraft:deepslate":817,"minecraft:tuff":21,"minecraft:mossy_cobblestone":32,"minecraft:deepslate_diamond_ore":23,"minecraft:spruce_fence":3,"minecraft:spruce_leaves":176,"minecraft:large_fern":28,"minecraft:hay_block":1,"minecraft:spruce_sapling":20,"minecraft:furnace":7,"minecraft:snow":1,"minecraft:andesite":1,"minecraft:stripped_spruce_log":5,"minecraft:gold_block":1,"minecraft:bell":1,"minecraft:bookshelf":1,"minecraft:potatoes":263,"minecraft:deepslate_iron_ore":2,"minecraft:stone":304,"minecraft:podzol":49,"minecraft:glass_pane":11,"minecraft:snow_block":11,"minecraft:dandelion":1,"minecraft:spruce_door":2,"minecraft:crafting_table":10,"minecraft:short_grass":45,"minecraft:lectern":81,"minecraft:campfire":2,"minecraft:tall_grass":13,"minecraft:deepslate_gold_ore":23,"minecraft:diorite":56,"minecraft:spruce_stairs":4,"minecraft:purple_bed":4,"minecraft:birch_planks":63,"minecraft:cobblestone_wall":3,"minecraft:sweet_berry_bush":20,"minecraft:spruce_log":5064,"minecraft:birch_leaves":2,"minecraft:bee_nest":1,"minecraft:coal_ore":75,"minecraft:gravel":38,"minecraft:fern":37},"minecraft:killed":{"minecraft:fox":2,"minecraft:chicken":1,"minecraft:wolf":3,"minecraft:piglin":1,"minecraft:pig":17,"minecraft:iron_golem":20,"minecraft:sheep":11,"minecraft:trader_llama":4,"minecraft:goat":2,"minecraft:zombie":2,"minecraft:cow":14,"minecraft:horse":5,"minecraft:wandering_trader":2,"minecraft:squid":3,"minecraft:villager":1},"minecraft:broken":{"minecraft:stone_pickaxe":1,"minecraft:stone_axe":7,"minecraft:wooden_pickaxe":1,"minecraft:diamond_axe":1},"minecraft:used":{"minecraft:diamond_hoe":97,"minecraft:poppy":9,"minecraft:chest":14,"minecraft:shield":11,"minecraft:iron_sword":293,"minecraft:bell":2,"minecraft:honey_bottle":2,"minecraft:obsidian":1,"minecraft:blue_banner":1,"minecraft:furnace":10,"minecraft:potato":357,"minecraft:diorite":9,"minecraft:stone_pickaxe":260,"minecraft:wooden_pickaxe":59,"minecraft:composter":3,"minecraft:diamond_axe":4740,"minecraft:sugar_cane":83,"minecraft:blast_furnace":1,"minecraft:bread":12,"minecraft:lectern":85,"minecraft:gravel":18,"minecraft:diamond_sword":19,"minecraft:grindstone":1,"minecraft:smithing_table":1,"minecraft:enchanting_table":1,"minecraft:stone_sword":145,"minecraft:stone_shovel":54,"minecraft:spruce_planks":223,"minecraft:wooden_shovel":8,"minecraft:stone_hoe":72,"minecraft:netherrack":7,"minecraft:oak_door":2,"minecraft:torch":106,"minecraft:dirt":220,"minecraft:anvil":1,"minecraft:white_carpet":3,"minecraft:bee_nest":1,"minecraft:spruce_fence":38,"minecraft:bookshelf":23,"minecraft:cooked_beef":18,"minecraft:wheat_seeds":64,"minecraft:cooked_mutton":6,"minecraft:water_bucket":15,"minecraft:birch_planks":63,"minecraft:glass_bottle":1,"minecraft:baked_potato":110,"minecraft:cartography_table":1,"minecraft:cauldron":2,"minecraft:fletching_table":6,"minecraft:mossy_cobblestone":3,"minecraft:crafting_table":13,"minecraft:white_bed":34,"minecraft:spruce_log":29,"minecraft:diamond_pickaxe":1487,"minecraft:diamond_shovel":704,"minecraft:iron_pickaxe":117,"minecraft:map":2,"minecraft:stone_slab":5,"minecraft:spruce_trapdoor":3,"minecraft:spruce_sapling":258,"minecraft:stone_axe":931,"minecraft:cobblestone":167,"minecraft:purple_bed":4,"minecraft:cooked_porkchop":15,"minecraft:bucket":16},"minecraft:dropped":{"minecraft:iron_sword":5,"minecraft:porkchop":9,"minecraft:birch_planks":2,"minecraft:snowball":41,"minecraft:gold_nugget":6,"minecraft:iron_pickaxe":1,"minecraft:bone":3,"minecraft:gravel":11,"minecraft:wheat":6,"minecraft:rotten_flesh":2,"minecraft:salmon":1,"minecraft:poppy":18,"minecraft:chainmail_boots":14,"minecraft:spruce_slab":2,"minecraft:arrow":2,"minecraft:lectern":1,"minecraft:wheat_seeds":26,"minecraft:poisonous_potato":5,"minecraft:iron_helmet":1,"minecraft:stick":1,"minecraft:iron_axe":95,"minecraft:paper":1,"minecraft:string":1,"minecraft:spruce_sapling":55,"minecraft:sweet_berries":6,"minecraft:tuff":16,"minecraft:diamond_hoe":2,"minecraft:stone_shovel":51,"minecraft:potato":468,"minecraft:hay_block":1,"minecraft:stone":2,"minecraft:spruce_trapdoor":7,"minecraft:spruce_planks":1,"minecraft:andesite":1,"minecraft:oak_sapling":2,"minecraft:wooden_shovel":2,"minecraft:diamond_boots":1,"minecraft:stone_pickaxe":1}},"DataVersion":3839}