{"stats":{"minecraft:crafted":{"minecraft:grindstone":1,"minecraft:oak_door":3,"minecraft:smooth_stone":5,"minecraft:oak_planks":88,"minecraft:stone_shovel":58,"minecraft:diamond_hoe":3,"minecraft:furnace":5,"minecraft:blast_furnace":1,"minecraft:stone":10,"minecraft:diamond_shovel":2,"minecraft:diamond_helmet":1,"minecraft:diamond_leggings":2,"minecraft:iron_boots":1,"minecraft:iron_axe":36,"minecraft:spruce_wood":21,"minecraft:stone_pickaxe":2,"minecraft:chest":6,"minecraft:diamond_boots":2,"minecraft:stone_hoe":1,"minecraft:cooked_beef":18,"minecraft:emerald":634,"minecraft:arrow":32,"minecraft:cooked_porkchop":27,"minecraft:diamond_axe":5,"minecraft:crafting_table":3,"minecraft:spruce_planks":10572,"minecraft:baked_potato":89,"minecraft:wooden_pickaxe":1,"minecraft:iron_helmet":15,"minecraft:iron_sword":2,"minecraft:bell":1,"minecraft:smithing_table":1,"minecraft:fletching_table":2,"minecraft:bucket":1,"minecraft:birch_planks":96,"minecraft:stone_axe":9,"minecraft:air":0,"minecraft:iron_chestplate":1,"minecraft:diamond_pickaxe":1,"minecraft:shield":1,"minecraft:stick":21253,"minecraft:stone_slab":6,"minecraft:iron_ingot":37,"minecraft:chainmail_boots":37,"minecraft:iron_pickaxe":7,"minecraft:stone_sword":1,"minecraft:iron_leggings":1,"minecraft:white_bed":1,"minecraft:torch":16,"minecraft:diamond_chestplate":2},"minecraft:dropped":{"minecraft:iron_sword":4,"minecraft:porkchop":9,"minecraft:birch_planks":2,"minecraft:wheat_seeds":23,"minecraft:poisonous_potato":3,"minecraft:iron_helmet":1,"minecraft:snowball":41,"minecraft:gold_nugget":6,"minecraft:iron_axe":37,"minecraft:iron_pickaxe":1,"minecraft:string":1,"minecraft:spruce_sapling":42,"minecraft:bone":3,"minecraft:gravel":9,"minecraft:sweet_berries":6,"minecraft:diamond_hoe":2,"minecraft:wheat":6,"minecraft:stone_shovel":51,"minecraft:rotten_flesh":2,"minecraft:salmon":1,"minecraft:poppy":17,"minecraft:hay_block":1,"minecraft:potato":2,"minecraft:stone":2,"minecraft:spruce_trapdoor":3,"minecraft:andesite":1,"minecraft:chainmail_boots":14,"minecraft:oak_sapling":2,"minecraft:diamond_boots":1,"minecraft:arrow":2,"minecraft:stone_pickaxe":1},"minecraft:broken":{"minecraft:wooden_pickaxe":1,"minecraft:stone_pickaxe":1,"minecraft:stone_axe":7},"minecraft:killed":{"minecraft:horse":5,"minecraft:fox":1,"minecraft:piglin":1,"minecraft:pig":16,"minecraft:iron_golem":13,"minecraft:wandering_trader":2,"minecraft:squid":3,"minecraft:sheep":7,"minecraft:trader_llama":4,"minecraft:goat":2,"minecraft:zombie":1,"minecraft:villager":1,"minecraft:cow":10},"minecraft:picked_up":{"minecraft:charcoal":4,"minecraft:crafting_table":7,"minecraft:iron_chestplate":1,"minecraft:wheat":7,"minecraft:chainmail_boots":1,"minecraft:lead":4,"minecraft:shield":1,"minecraft:string":1,"minecraft:iron_axe":13,"minecraft:iron_leggings":1,"minecraft:diamond_leggings":1,"minecraft:gold_nugget":6,"minecraft:bucket":1,"minecraft:spruce_planks":11,"minecraft:beef":18,"minecraft:poppy":26,"minecraft:iron_pickaxe":3,"minecraft:sugar_cane":11,"minecraft:chest":2,"minecraft:spruce_trapdoor":16,"minecraft:diamond_hoe":1,"minecraft:iron_boots":1,"minecraft:furnace":7,"minecraft:stick":145,"minecraft:raw_iron":37,"minecraft:composter":5,"minecraft:torch":21,"minecraft:spruce_stairs":4,"minecraft:porkchop":41,"minecraft:pointed_dripstone":5,"minecraft:rotten_flesh":2,"minecraft:stone_shovel":1,"minecraft:diamond_boots":2,"minecraft:hay_block":1,"minecraft:armadillo_scute":10,"minecraft:mutton":12,"minecraft:obsidian":13,"minecraft:snowball":41,"minecraft:white_wool":7,"minecraft:cobblestone":295,"minecraft:birch_log":24,"minecraft:cooked_beef":10,"minecraft:salmon":1,"minecraft:crimson_stem":3,"minecraft:water_bucket":1,"minecraft:andesite":1,"minecraft:leather":22,"minecraft:potato":361,"minecraft:birch_planks":18,"minecraft:flint":4,"minecraft:oak_log":30,"minecraft:nether_wart_block":1,"minecraft:cobblestone_stairs":17,"minecraft:dirt":99,"minecraft:leather_boots":1,"minecraft:cooked_mutton":7,"minecraft:bone":3,"minecraft:bow":1,"minecraft:stonecutter":1,"minecraft:wheat_seeds":32,"minecraft:stone_pickaxe":1,"minecraft:bell":1,"minecraft:iron_ingot":52,"minecraft:stone_hoe":1,"minecraft:iron_sword":4,"minecraft:cooked_porkchop":1,"minecraft:pumpkin":19,"minecraft:sweet_berries":40,"minecraft:poisonous_potato":3,"minecraft:gravel":14,"minecraft:ink_sac":7,"minecraft:stripped_spruce_log":1,"minecraft:spruce_sapling":215,"minecraft:white_bed":6,"minecraft:spruce_log":2666,"minecraft:spruce_door":1,"minecraft:mossy_cobblestone":7,"minecraft:purple_bed":4,"minecraft:stone_axe":1,"minecraft:iron_helmet":2,"minecraft:diamond_axe":1,"minecraft:oak_sapling":2,"minecraft:netherrack":286,"minecraft:crimson_nylium":2,"minecraft:coal":210},"minecraft:mined":{"minecraft:spruce_planks":11,"minecraft:white_bed":6,"minecraft:mossy_cobblestone":8,"minecraft:cobblestone_stairs":17,"minecraft:obsidian":13,"minecraft:spruce_trapdoor":14,"minecraft:grass_block":35,"minecraft:spruce_leaves":132,"minecraft:composter":5,"minecraft:large_fern":4,"minecraft:hay_block":1,"minecraft:spruce_sapling":10,"minecraft:furnace":7,"minecraft:iron_ore":37,"minecraft:snow":1,"minecraft:andesite":1,"minecraft:stripped_spruce_log":1,"minecraft:pumpkin":20,"minecraft:bell":1,"minecraft:pointed_dripstone":2,"minecraft:potatoes":62,"minecraft:dirt_path":4,"minecraft:stone":183,"minecraft:podzol":39,"minecraft:glass_pane":3,"minecraft:snow_block":11,"minecraft:dandelion":1,"minecraft:spruce_door":2,"minecraft:powder_snow":5,"minecraft:crafting_table":7,"minecraft:torch":1,"minecraft:short_grass":39,"minecraft:poppy":1,"minecraft:chest":2,"minecraft:campfire":2,"minecraft:cobblestone":81,"minecraft:tall_grass":13,"minecraft:sugar_cane":3,"minecraft:wall_torch":12,"minecraft:spruce_stairs":4,"minecraft:purple_bed":4,"minecraft:birch_planks":17,"minecraft:birch_log":24,"minecraft:wheat":10,"minecraft:sweet_berry_bush":17,"minecraft:spruce_log":2696,"minecraft:birch_leaves":2,"minecraft:oak_log":30,"minecraft:coal_ore":75,"minecraft:gravel":21,"minecraft:dirt":28,"minecraft:stonecutter":1,"minecraft:netherrack":6,"minecraft:oak_leaves":19,"minecraft:fern":25},"minecraft:killed_by":{"minecraft:spider":2,"minecraft:iron_golem":2},"minecraft:custom":{"minecraft:mob_kills":66,"minecraft:interact_with_crafting_table":41,"minecraft:bell_ring":27,"minecraft:leave_game":15,"minecraft:time_since_death":339723,"minecraft:climb_one_cm":425,"minecraft:sprint_one_cm":757354,"minecraft:walk_one_cm":800728,"minecraft:damage_blocked_by_shield":356,"minecraft:drop":192,"minecraft:talked_to_villager":189,"minecraft:play_time":482934,"minecraft:deaths":4,"minecraft:sneak_time":55093,"minecraft:walk_under_water_one_cm":3739,"minecraft:jump":6189,"minecraft:interact_with_blast_furnace":1,"minecraft:walk_on_water_one_cm":18265,"minecraft:total_world_time":482934,"minecraft:interact_with_furnace":59,"minecraft:traded_with_villager":806,"minecraft:sleep_in_bed":26,"minecraft:time_since_rest":36651,"minecraft:damage_taken":4350,"minecraft:damage_dealt":19390,"minecraft:swim_one_cm":12944,"minecraft:fly_one_cm":970185,"minecraft:open_chest":149,"minecraft:crouch_one_cm":150636,"minecraft:fall_one_cm":201696},"minecraft:used":{"minecraft:stone_sword":145,"minecraft:stone_shovel":54,"minecraft:poppy":8,"minecraft:diamond_hoe":97,"minecraft:chest":8,"minecraft:shield":6,"minecraft:iron_sword":256,"minecraft:bell":2,"minecraft:stone_hoe":72,"minecraft:netherrack":7,"minecraft:oak_door":2,"minecraft:torch":33,"minecraft:dirt":16,"minecraft:furnace":10,"minecraft:cooked_beef":18,"minecraft:potato":187,"minecraft:cooked_mutton":6,"minecraft:water_bucket":6,"minecraft:birch_planks":63,"minecraft:stone_pickaxe":260,"minecraft:baked_potato":22,"minecraft:sugar_cane":11,"minecraft:composter":3,"minecraft:wooden_pickaxe":59,"minecraft:fletching_table":2,"minecraft:diamond_axe":2070,"minecraft:mossy_cobblestone":3,"minecraft:crafting_table":10,"minecraft:blast_furnace":1,"minecraft:white_bed":7,"minecraft:spruce_log":20,"minecraft:diamond_pickaxe":20,"minecraft:diamond_shovel":66,"minecraft:bread":12,"minecraft:iron_pickaxe":112,"minecraft:spruce_trapdoor":3,"minecraft:spruce_sapling":126,"minecraft:gravel":5,"minecraft:stone_axe":931,"minecraft:cobblestone":167,"minecraft:purple_bed":4,"minecraft:grindstone":1,"minecraft:cooked_porkchop":15,"minecraft:smithing_table":1,"minecraft:bucket":7}},"DataVersion":3839}