{"stats":{"minecraft:used":{"minecraft:iron_shovel":415,"minecraft:stone_pickaxe":101,"minecraft:chest":2,"minecraft:wooden_pickaxe":59,"minecraft:torch":46,"minecraft:dirt":56,"minecraft:crafting_table":4,"minecraft:white_bed":2,"minecraft:smoker":1,"minecraft:wooden_axe":61,"minecraft:iron_axe":27,"minecraft:iron_pickaxe":1,"minecraft:cobblestone":3,"minecraft:oak_sapling":2,"minecraft:furnace":3,"minecraft:cooked_porkchop":3,"minecraft:birch_log":1,"minecraft:cooked_beef":3},"minecraft:dropped":{"minecraft:wheat_seeds":1},"minecraft:custom":{"minecraft:interact_with_furnace":20,"minecraft:mob_kills":14,"minecraft:interact_with_crafting_table":17,"minecraft:leave_game":2,"minecraft:time_since_death":63353,"minecraft:sleep_in_bed":1,"minecraft:time_since_rest":30812,"minecraft:sprint_one_cm":148683,"minecraft:damage_taken":234,"minecraft:walk_one_cm":152875,"minecraft:drop":1,"minecraft:damage_dealt":1295,"minecraft:talked_to_villager":1,"minecraft:fly_one_cm":167204,"minecraft:open_chest":10,"minecraft:crouch_one_cm":2606,"minecraft:play_time":63353,"minecraft:sneak_time":1094,"minecraft:jump":874,"minecraft:total_world_time":63353,"minecraft:interact_with_smoker":4,"minecraft:fall_one_cm":21866},"minecraft:killed":{"minecraft:pig":7,"minecraft:sheep":3,"minecraft:chicken":1,"minecraft:cow":3},"minecraft:crafted":{"minecraft:cooked_beef":6,"minecraft:oak_planks":46,"minecraft:cooked_porkchop":15,"minecraft:crafting_table":1,"minecraft:wooden_pickaxe":1,"minecraft:furnace":2,"minecraft:air":0,"minecraft:shield":1,"minecraft:iron_axe":1,"minecraft:stick":32,"minecraft:iron_ingot":11,"minecraft:iron_pickaxe":1,"minecraft:stone_pickaxe":1,"minecraft:wooden_axe":1,"minecraft:chest":2,"minecraft:iron_shovel":2,"minecraft:torch":56,"minecraft:smoker":1},"minecraft:mined":{"minecraft:white_bed":2,"minecraft:crafting_table":3,"minecraft:torch":4,"minecraft:short_grass":291,"minecraft:emerald_ore":1,"minecraft:grass_block":290,"minecraft:tall_grass":35,"minecraft:furnace":2,"minecraft:birch_log":1,"minecraft:iron_ore":20,"minecraft:yellow_bed":1,"minecraft:oak_log":78,"minecraft:coal_ore":52,"minecraft:dirt_path":44,"minecraft:dirt":83,"minecraft:stone":85,"minecraft:oak_leaves":5},"minecraft:picked_up":{"minecraft:birch_log":1,"minecraft:crafting_table":3,"minecraft:chicken":1,"minecraft:leather":4,"minecraft:oak_log":78,"minecraft:yellow_bed":1,"minecraft:dirt":416,"minecraft:apple":1,"minecraft:wheat_seeds":47,"minecraft:iron_ingot":1,"minecraft:beef":6,"minecraft:egg":1,"minecraft:furnace":2,"minecraft:raw_iron":20,"minecraft:torch":4,"minecraft:porkchop":15,"minecraft:white_bed":2,"minecraft:rotten_flesh":2,"minecraft:emerald":1,"minecraft:oak_sapling":6,"minecraft:mutton":6,"minecraft:coal":111,"minecraft:white_wool":3,"minecraft:cobblestone":85},"minecraft:broken":{"minecraft:iron_shovel":1,"minecraft:wooden_axe":1,"minecraft:wooden_pickaxe":1}},"DataVersion":3839}