{"stats":{"minecraft:crafted":{"minecraft:crafting_table":1,"minecraft:oak_planks":20,"minecraft:stick":4},"minecraft:dropped":{"minecraft:wheat_seeds":1},"minecraft:picked_up":{"minecraft:oak_log":14,"minecraft:wheat_seeds":1},"minecraft:mined":{"minecraft:tall_grass":5,"minecraft:short_grass":11,"minecraft:oak_log":14},"minecraft:custom":{"minecraft:jump":43,"minecraft:time_since_rest":2096,"minecraft:crouch_one_cm":3,"minecraft:sprint_one_cm":6792,"minecraft:play_time":2096,"minecraft:time_since_death":2096,"minecraft:walk_one_cm":1397,"minecraft:sneak_time":138,"minecraft:total_world_time":2096,"minecraft:fall_one_cm":838,"minecraft:drop":1,"minecraft:fly_one_cm":11344}},"DataVersion":3839}